[2026-05-13T17:43:03.006+0000] {processor.py:161} INFO - Started process (PID=25) to work on /opt/airflow/dags/retail_etl_dag.py
[2026-05-13T17:43:03.051+0000] {processor.py:830} INFO - Processing file /opt/airflow/dags/retail_etl_dag.py for tasks to queue
[2026-05-13T17:43:03.089+0000] {logging_mixin.py:188} INFO - [2026-05-13T17:43:03.087+0000] {dagbag.py:545} INFO - Filling up the DagBag from /opt/airflow/dags/retail_etl_dag.py
[2026-05-13T17:43:03.234+0000] {processor.py:840} INFO - DAG(s) 'retail_pipeline' retrieved from /opt/airflow/dags/retail_etl_dag.py
[2026-05-13T17:43:02.486+0000] {logging_mixin.py:188} INFO - [2026-05-13T17:43:02.483+0000] {override.py:1829} INFO - Created Permission View: can edit on DAG:retail_pipeline
[2026-05-13T17:43:02.541+0000] {logging_mixin.py:188} INFO - [2026-05-13T17:43:02.535+0000] {override.py:1829} INFO - Created Permission View: can read on DAG:retail_pipeline
[2026-05-13T17:43:02.572+0000] {logging_mixin.py:188} INFO - [2026-05-13T17:43:02.571+0000] {override.py:1829} INFO - Created Permission View: can delete on DAG:retail_pipeline
[2026-05-13T17:43:02.576+0000] {logging_mixin.py:188} INFO - [2026-05-13T17:43:02.575+0000] {dag.py:3096} INFO - Sync 1 DAGs
[2026-05-13T17:43:02.630+0000] {logging_mixin.py:188} INFO - [2026-05-13T17:43:02.629+0000] {dag.py:3118} INFO - Creating ORM DAG for retail_pipeline
[2026-05-13T17:43:02.670+0000] {logging_mixin.py:188} INFO - [2026-05-13T17:43:02.669+0000] {dag.py:3954} INFO - Setting next_dagrun for retail_pipeline to 2026-05-12 00:00:00+00:00, run_after=2026-05-13 00:00:00+00:00
[2026-05-13T17:43:02.731+0000] {processor.py:183} INFO - Processing /opt/airflow/dags/retail_etl_dag.py took 1.595 seconds
[2026-05-13T17:44:53.555+0000] {processor.py:161} INFO - Started process (PID=25) to work on /opt/airflow/dags/retail_etl_dag.py
[2026-05-13T17:44:53.563+0000] {processor.py:830} INFO - Processing file /opt/airflow/dags/retail_etl_dag.py for tasks to queue
[2026-05-13T17:44:53.584+0000] {logging_mixin.py:188} INFO - [2026-05-13T17:44:53.581+0000] {dagbag.py:545} INFO - Filling up the DagBag from /opt/airflow/dags/retail_etl_dag.py
[2026-05-13T17:44:53.806+0000] {processor.py:840} INFO - DAG(s) 'retail_pipeline' retrieved from /opt/airflow/dags/retail_etl_dag.py
[2026-05-13T17:44:55.176+0000] {logging_mixin.py:188} INFO - [2026-05-13T17:44:55.175+0000] {override.py:1829} INFO - Created Permission View: can delete on DAG:retail_pipeline
[2026-05-13T17:44:55.210+0000] {logging_mixin.py:188} INFO - [2026-05-13T17:44:55.209+0000] {override.py:1829} INFO - Created Permission View: can edit on DAG:retail_pipeline
[2026-05-13T17:44:55.230+0000] {logging_mixin.py:188} INFO - [2026-05-13T17:44:55.229+0000] {override.py:1829} INFO - Created Permission View: can read on DAG:retail_pipeline
[2026-05-13T17:44:55.232+0000] {logging_mixin.py:188} INFO - [2026-05-13T17:44:55.231+0000] {dag.py:3096} INFO - Sync 1 DAGs
[2026-05-13T17:44:55.264+0000] {logging_mixin.py:188} INFO - [2026-05-13T17:44:55.263+0000] {dag.py:3118} INFO - Creating ORM DAG for retail_pipeline
[2026-05-13T17:44:55.326+0000] {logging_mixin.py:188} INFO - [2026-05-13T17:44:55.325+0000] {dag.py:3954} INFO - Setting next_dagrun for retail_pipeline to 2026-05-12 00:00:00+00:00, run_after=2026-05-13 00:00:00+00:00
[2026-05-13T17:44:55.394+0000] {processor.py:183} INFO - Processing /opt/airflow/dags/retail_etl_dag.py took 1.914 seconds
[2026-05-13T17:45:25.807+0000] {processor.py:161} INFO - Started process (PID=26) to work on /opt/airflow/dags/retail_etl_dag.py
[2026-05-13T17:45:25.821+0000] {processor.py:830} INFO - Processing file /opt/airflow/dags/retail_etl_dag.py for tasks to queue
[2026-05-13T17:45:25.865+0000] {logging_mixin.py:188} INFO - [2026-05-13T17:45:25.860+0000] {dagbag.py:545} INFO - Filling up the DagBag from /opt/airflow/dags/retail_etl_dag.py
[2026-05-13T17:45:26.194+0000] {processor.py:840} INFO - DAG(s) 'retail_pipeline' retrieved from /opt/airflow/dags/retail_etl_dag.py
[2026-05-13T17:45:26.575+0000] {logging_mixin.py:188} INFO - [2026-05-13T17:45:26.574+0000] {dag.py:3096} INFO - Sync 1 DAGs
[2026-05-13T17:45:26.846+0000] {logging_mixin.py:188} INFO - [2026-05-13T17:45:26.846+0000] {dag.py:3954} INFO - Setting next_dagrun for retail_pipeline to 2026-05-12 00:00:00+00:00, run_after=2026-05-13 00:00:00+00:00
[2026-05-13T17:45:26.980+0000] {processor.py:183} INFO - Processing /opt/airflow/dags/retail_etl_dag.py took 1.311 seconds
[2026-05-13T17:45:57.788+0000] {processor.py:161} INFO - Started process (PID=27) to work on /opt/airflow/dags/retail_etl_dag.py
[2026-05-13T17:45:57.794+0000] {processor.py:830} INFO - Processing file /opt/airflow/dags/retail_etl_dag.py for tasks to queue
[2026-05-13T17:45:57.810+0000] {logging_mixin.py:188} INFO - [2026-05-13T17:45:57.804+0000] {dagbag.py:545} INFO - Filling up the DagBag from /opt/airflow/dags/retail_etl_dag.py
[2026-05-13T17:45:57.934+0000] {processor.py:840} INFO - DAG(s) 'retail_pipeline' retrieved from /opt/airflow/dags/retail_etl_dag.py
[2026-05-13T17:45:58.072+0000] {logging_mixin.py:188} INFO - [2026-05-13T17:45:58.071+0000] {dag.py:3096} INFO - Sync 1 DAGs
[2026-05-13T17:45:58.167+0000] {logging_mixin.py:188} INFO - [2026-05-13T17:45:58.166+0000] {dag.py:3954} INFO - Setting next_dagrun for retail_pipeline to 2026-05-12 00:00:00+00:00, run_after=2026-05-13 00:00:00+00:00
[2026-05-13T17:45:58.245+0000] {processor.py:183} INFO - Processing /opt/airflow/dags/retail_etl_dag.py took 0.487 seconds
[2026-05-13T17:46:28.859+0000] {processor.py:161} INFO - Started process (PID=28) to work on /opt/airflow/dags/retail_etl_dag.py
[2026-05-13T17:46:28.868+0000] {processor.py:830} INFO - Processing file /opt/airflow/dags/retail_etl_dag.py for tasks to queue
[2026-05-13T17:46:28.926+0000] {logging_mixin.py:188} INFO - [2026-05-13T17:46:28.925+0000] {dagbag.py:545} INFO - Filling up the DagBag from /opt/airflow/dags/retail_etl_dag.py
[2026-05-13T17:46:29.080+0000] {processor.py:840} INFO - DAG(s) 'retail_pipeline' retrieved from /opt/airflow/dags/retail_etl_dag.py
[2026-05-13T17:46:29.324+0000] {logging_mixin.py:188} INFO - [2026-05-13T17:46:29.322+0000] {dag.py:3096} INFO - Sync 1 DAGs
[2026-05-13T17:46:29.532+0000] {logging_mixin.py:188} INFO - [2026-05-13T17:46:29.531+0000] {dag.py:3954} INFO - Setting next_dagrun for retail_pipeline to 2026-05-12 00:00:00+00:00, run_after=2026-05-13 00:00:00+00:00
[2026-05-13T17:46:29.624+0000] {processor.py:183} INFO - Processing /opt/airflow/dags/retail_etl_dag.py took 0.843 seconds
[2026-05-13T17:46:59.982+0000] {processor.py:161} INFO - Started process (PID=29) to work on /opt/airflow/dags/retail_etl_dag.py
[2026-05-13T17:46:59.997+0000] {processor.py:830} INFO - Processing file /opt/airflow/dags/retail_etl_dag.py for tasks to queue
[2026-05-13T17:47:00.018+0000] {logging_mixin.py:188} INFO - [2026-05-13T17:47:00.015+0000] {dagbag.py:545} INFO - Filling up the DagBag from /opt/airflow/dags/retail_etl_dag.py
[2026-05-13T17:47:00.211+0000] {processor.py:840} INFO - DAG(s) 'retail_pipeline' retrieved from /opt/airflow/dags/retail_etl_dag.py
[2026-05-13T17:47:00.436+0000] {logging_mixin.py:188} INFO - [2026-05-13T17:47:00.435+0000] {dag.py:3096} INFO - Sync 1 DAGs
[2026-05-13T17:47:00.551+0000] {logging_mixin.py:188} INFO - [2026-05-13T17:47:00.551+0000] {dag.py:3954} INFO - Setting next_dagrun for retail_pipeline to 2026-05-12 00:00:00+00:00, run_after=2026-05-13 00:00:00+00:00
[2026-05-13T17:47:00.624+0000] {processor.py:183} INFO - Processing /opt/airflow/dags/retail_etl_dag.py took 0.717 seconds
[2026-05-13T17:47:31.433+0000] {processor.py:161} INFO - Started process (PID=48) to work on /opt/airflow/dags/retail_etl_dag.py
[2026-05-13T17:47:31.480+0000] {processor.py:830} INFO - Processing file /opt/airflow/dags/retail_etl_dag.py for tasks to queue
[2026-05-13T17:47:31.574+0000] {logging_mixin.py:188} INFO - [2026-05-13T17:47:31.568+0000] {dagbag.py:545} INFO - Filling up the DagBag from /opt/airflow/dags/retail_etl_dag.py
[2026-05-13T17:47:31.904+0000] {processor.py:840} INFO - DAG(s) 'retail_pipeline' retrieved from /opt/airflow/dags/retail_etl_dag.py
[2026-05-13T17:47:32.790+0000] {logging_mixin.py:188} INFO - [2026-05-13T17:47:32.789+0000] {dag.py:3096} INFO - Sync 1 DAGs
[2026-05-13T17:47:32.910+0000] {logging_mixin.py:188} INFO - [2026-05-13T17:47:32.910+0000] {dag.py:3954} INFO - Setting next_dagrun for retail_pipeline to 2026-05-13 00:00:00+00:00, run_after=2026-05-14 00:00:00+00:00
[2026-05-13T17:47:32.968+0000] {processor.py:183} INFO - Processing /opt/airflow/dags/retail_etl_dag.py took 1.615 seconds
[2026-05-13T17:48:03.310+0000] {processor.py:161} INFO - Started process (PID=77) to work on /opt/airflow/dags/retail_etl_dag.py
[2026-05-13T17:48:03.320+0000] {processor.py:830} INFO - Processing file /opt/airflow/dags/retail_etl_dag.py for tasks to queue
[2026-05-13T17:48:03.339+0000] {logging_mixin.py:188} INFO - [2026-05-13T17:48:03.338+0000] {dagbag.py:545} INFO - Filling up the DagBag from /opt/airflow/dags/retail_etl_dag.py
[2026-05-13T17:48:03.415+0000] {processor.py:840} INFO - DAG(s) 'retail_pipeline' retrieved from /opt/airflow/dags/retail_etl_dag.py
[2026-05-13T17:48:03.549+0000] {logging_mixin.py:188} INFO - [2026-05-13T17:48:03.548+0000] {dag.py:3096} INFO - Sync 1 DAGs
[2026-05-13T17:48:03.923+0000] {logging_mixin.py:188} INFO - [2026-05-13T17:48:03.922+0000] {dag.py:3954} INFO - Setting next_dagrun for retail_pipeline to 2026-05-13 00:00:00+00:00, run_after=2026-05-14 00:00:00+00:00
[2026-05-13T17:48:04.034+0000] {processor.py:183} INFO - Processing /opt/airflow/dags/retail_etl_dag.py took 0.750 seconds
[2026-05-13T17:48:34.703+0000] {processor.py:161} INFO - Started process (PID=104) to work on /opt/airflow/dags/retail_etl_dag.py
[2026-05-13T17:48:34.711+0000] {processor.py:830} INFO - Processing file /opt/airflow/dags/retail_etl_dag.py for tasks to queue
[2026-05-13T17:48:34.731+0000] {logging_mixin.py:188} INFO - [2026-05-13T17:48:34.728+0000] {dagbag.py:545} INFO - Filling up the DagBag from /opt/airflow/dags/retail_etl_dag.py
[2026-05-13T17:48:34.897+0000] {processor.py:840} INFO - DAG(s) 'retail_pipeline' retrieved from /opt/airflow/dags/retail_etl_dag.py
[2026-05-13T17:48:35.030+0000] {logging_mixin.py:188} INFO - [2026-05-13T17:48:35.030+0000] {dag.py:3096} INFO - Sync 1 DAGs
[2026-05-13T17:48:35.114+0000] {logging_mixin.py:188} INFO - [2026-05-13T17:48:35.113+0000] {dag.py:3954} INFO - Setting next_dagrun for retail_pipeline to 2026-05-13 00:00:00+00:00, run_after=2026-05-14 00:00:00+00:00
[2026-05-13T17:48:35.169+0000] {processor.py:183} INFO - Processing /opt/airflow/dags/retail_etl_dag.py took 0.516 seconds
[2026-05-13T17:49:06.096+0000] {processor.py:161} INFO - Started process (PID=105) to work on /opt/airflow/dags/retail_etl_dag.py
[2026-05-13T17:49:06.103+0000] {processor.py:830} INFO - Processing file /opt/airflow/dags/retail_etl_dag.py for tasks to queue
[2026-05-13T17:49:06.113+0000] {logging_mixin.py:188} INFO - [2026-05-13T17:49:06.112+0000] {dagbag.py:545} INFO - Filling up the DagBag from /opt/airflow/dags/retail_etl_dag.py
[2026-05-13T17:49:06.239+0000] {processor.py:840} INFO - DAG(s) 'retail_pipeline' retrieved from /opt/airflow/dags/retail_etl_dag.py
[2026-05-13T17:49:06.476+0000] {logging_mixin.py:188} INFO - [2026-05-13T17:49:06.475+0000] {dag.py:3096} INFO - Sync 1 DAGs
[2026-05-13T17:49:06.587+0000] {logging_mixin.py:188} INFO - [2026-05-13T17:49:06.586+0000] {dag.py:3954} INFO - Setting next_dagrun for retail_pipeline to 2026-05-13 00:00:00+00:00, run_after=2026-05-14 00:00:00+00:00
[2026-05-13T17:49:06.697+0000] {processor.py:183} INFO - Processing /opt/airflow/dags/retail_etl_dag.py took 0.644 seconds
[2026-05-13T17:49:37.231+0000] {processor.py:161} INFO - Started process (PID=106) to work on /opt/airflow/dags/retail_etl_dag.py
[2026-05-13T17:49:37.234+0000] {processor.py:830} INFO - Processing file /opt/airflow/dags/retail_etl_dag.py for tasks to queue
[2026-05-13T17:49:37.243+0000] {logging_mixin.py:188} INFO - [2026-05-13T17:49:37.241+0000] {dagbag.py:545} INFO - Filling up the DagBag from /opt/airflow/dags/retail_etl_dag.py
[2026-05-13T17:49:37.328+0000] {processor.py:840} INFO - DAG(s) 'retail_pipeline' retrieved from /opt/airflow/dags/retail_etl_dag.py
[2026-05-13T17:49:37.479+0000] {logging_mixin.py:188} INFO - [2026-05-13T17:49:37.478+0000] {dag.py:3096} INFO - Sync 1 DAGs
[2026-05-13T17:49:37.563+0000] {logging_mixin.py:188} INFO - [2026-05-13T17:49:37.563+0000] {dag.py:3954} INFO - Setting next_dagrun for retail_pipeline to 2026-05-13 00:00:00+00:00, run_after=2026-05-14 00:00:00+00:00
[2026-05-13T17:49:37.623+0000] {processor.py:183} INFO - Processing /opt/airflow/dags/retail_etl_dag.py took 0.413 seconds
[2026-05-13T17:50:07.761+0000] {processor.py:161} INFO - Started process (PID=107) to work on /opt/airflow/dags/retail_etl_dag.py
[2026-05-13T17:50:07.766+0000] {processor.py:830} INFO - Processing file /opt/airflow/dags/retail_etl_dag.py for tasks to queue
[2026-05-13T17:50:07.780+0000] {logging_mixin.py:188} INFO - [2026-05-13T17:50:07.779+0000] {dagbag.py:545} INFO - Filling up the DagBag from /opt/airflow/dags/retail_etl_dag.py
[2026-05-13T17:50:07.240+0000] {processor.py:840} INFO - DAG(s) 'retail_pipeline' retrieved from /opt/airflow/dags/retail_etl_dag.py
[2026-05-13T17:50:06.456+0000] {logging_mixin.py:188} INFO - [2026-05-13T17:50:06.452+0000] {dag.py:3096} INFO - Sync 1 DAGs
[2026-05-13T17:50:06.629+0000] {logging_mixin.py:188} INFO - [2026-05-13T17:50:06.628+0000] {dag.py:3954} INFO - Setting next_dagrun for retail_pipeline to 2026-05-13 00:00:00+00:00, run_after=2026-05-14 00:00:00+00:00
[2026-05-13T17:50:06.712+0000] {processor.py:183} INFO - Processing /opt/airflow/dags/retail_etl_dag.py took 0.636 seconds
[2026-05-13T17:50:37.797+0000] {processor.py:161} INFO - Started process (PID=108) to work on /opt/airflow/dags/retail_etl_dag.py
[2026-05-13T17:50:37.799+0000] {processor.py:830} INFO - Processing file /opt/airflow/dags/retail_etl_dag.py for tasks to queue
[2026-05-13T17:50:37.804+0000] {logging_mixin.py:188} INFO - [2026-05-13T17:50:37.803+0000] {dagbag.py:545} INFO - Filling up the DagBag from /opt/airflow/dags/retail_etl_dag.py
[2026-05-13T17:50:37.853+0000] {processor.py:840} INFO - DAG(s) 'retail_pipeline' retrieved from /opt/airflow/dags/retail_etl_dag.py
[2026-05-13T17:50:37.933+0000] {logging_mixin.py:188} INFO - [2026-05-13T17:50:37.932+0000] {dag.py:3096} INFO - Sync 1 DAGs
[2026-05-13T17:50:38.047+0000] {logging_mixin.py:188} INFO - [2026-05-13T17:50:38.045+0000] {dag.py:3954} INFO - Setting next_dagrun for retail_pipeline to 2026-05-13 00:00:00+00:00, run_after=2026-05-14 00:00:00+00:00
[2026-05-13T17:50:38.117+0000] {processor.py:183} INFO - Processing /opt/airflow/dags/retail_etl_dag.py took 0.335 seconds
[2026-05-13T17:51:08.812+0000] {processor.py:161} INFO - Started process (PID=109) to work on /opt/airflow/dags/retail_etl_dag.py
[2026-05-13T17:51:08.819+0000] {processor.py:830} INFO - Processing file /opt/airflow/dags/retail_etl_dag.py for tasks to queue
[2026-05-13T17:51:08.835+0000] {logging_mixin.py:188} INFO - [2026-05-13T17:51:08.832+0000] {dagbag.py:545} INFO - Filling up the DagBag from /opt/airflow/dags/retail_etl_dag.py
[2026-05-13T17:51:09.017+0000] {processor.py:840} INFO - DAG(s) 'retail_pipeline' retrieved from /opt/airflow/dags/retail_etl_dag.py
[2026-05-13T17:51:09.203+0000] {logging_mixin.py:188} INFO - [2026-05-13T17:51:09.202+0000] {dag.py:3096} INFO - Sync 1 DAGs
[2026-05-13T17:51:09.376+0000] {logging_mixin.py:188} INFO - [2026-05-13T17:51:09.374+0000] {dag.py:3954} INFO - Setting next_dagrun for retail_pipeline to 2026-05-13 00:00:00+00:00, run_after=2026-05-14 00:00:00+00:00
[2026-05-13T17:51:09.486+0000] {processor.py:183} INFO - Processing /opt/airflow/dags/retail_etl_dag.py took 0.737 seconds
[2026-05-13T17:51:40.021+0000] {processor.py:161} INFO - Started process (PID=110) to work on /opt/airflow/dags/retail_etl_dag.py
[2026-05-13T17:51:40.027+0000] {processor.py:830} INFO - Processing file /opt/airflow/dags/retail_etl_dag.py for tasks to queue
[2026-05-13T17:51:40.036+0000] {logging_mixin.py:188} INFO - [2026-05-13T17:51:40.035+0000] {dagbag.py:545} INFO - Filling up the DagBag from /opt/airflow/dags/retail_etl_dag.py
[2026-05-13T17:51:40.153+0000] {processor.py:840} INFO - DAG(s) 'retail_pipeline' retrieved from /opt/airflow/dags/retail_etl_dag.py
[2026-05-13T17:51:40.315+0000] {logging_mixin.py:188} INFO - [2026-05-13T17:51:40.314+0000] {dag.py:3096} INFO - Sync 1 DAGs
[2026-05-13T17:51:40.455+0000] {logging_mixin.py:188} INFO - [2026-05-13T17:51:40.454+0000] {dag.py:3954} INFO - Setting next_dagrun for retail_pipeline to 2026-05-13 00:00:00+00:00, run_after=2026-05-14 00:00:00+00:00
[2026-05-13T17:51:40.563+0000] {processor.py:183} INFO - Processing /opt/airflow/dags/retail_etl_dag.py took 0.573 seconds
[2026-05-13T17:52:11.390+0000] {processor.py:161} INFO - Started process (PID=111) to work on /opt/airflow/dags/retail_etl_dag.py
[2026-05-13T17:52:11.396+0000] {processor.py:830} INFO - Processing file /opt/airflow/dags/retail_etl_dag.py for tasks to queue
[2026-05-13T17:52:11.411+0000] {logging_mixin.py:188} INFO - [2026-05-13T17:52:11.410+0000] {dagbag.py:545} INFO - Filling up the DagBag from /opt/airflow/dags/retail_etl_dag.py
[2026-05-13T17:52:11.543+0000] {processor.py:840} INFO - DAG(s) 'retail_pipeline' retrieved from /opt/airflow/dags/retail_etl_dag.py
[2026-05-13T17:52:11.723+0000] {logging_mixin.py:188} INFO - [2026-05-13T17:52:11.721+0000] {dag.py:3096} INFO - Sync 1 DAGs
[2026-05-13T17:52:11.928+0000] {logging_mixin.py:188} INFO - [2026-05-13T17:52:11.926+0000] {dag.py:3954} INFO - Setting next_dagrun for retail_pipeline to 2026-05-13 00:00:00+00:00, run_after=2026-05-14 00:00:00+00:00
[2026-05-13T17:52:11.997+0000] {processor.py:183} INFO - Processing /opt/airflow/dags/retail_etl_dag.py took 0.644 seconds
[2026-05-13T17:52:42.279+0000] {processor.py:161} INFO - Started process (PID=112) to work on /opt/airflow/dags/retail_etl_dag.py
[2026-05-13T17:52:42.284+0000] {processor.py:830} INFO - Processing file /opt/airflow/dags/retail_etl_dag.py for tasks to queue
[2026-05-13T17:52:42.292+0000] {logging_mixin.py:188} INFO - [2026-05-13T17:52:42.291+0000] {dagbag.py:545} INFO - Filling up the DagBag from /opt/airflow/dags/retail_etl_dag.py
[2026-05-13T17:52:42.356+0000] {processor.py:840} INFO - DAG(s) 'retail_pipeline' retrieved from /opt/airflow/dags/retail_etl_dag.py
[2026-05-13T17:52:42.443+0000] {logging_mixin.py:188} INFO - [2026-05-13T17:52:42.442+0000] {dag.py:3096} INFO - Sync 1 DAGs
[2026-05-13T17:52:42.503+0000] {logging_mixin.py:188} INFO - [2026-05-13T17:52:42.503+0000] {dag.py:3954} INFO - Setting next_dagrun for retail_pipeline to 2026-05-13 00:00:00+00:00, run_after=2026-05-14 00:00:00+00:00
[2026-05-13T17:52:42.559+0000] {processor.py:183} INFO - Processing /opt/airflow/dags/retail_etl_dag.py took 0.302 seconds
[2026-05-13T17:53:13.217+0000] {processor.py:161} INFO - Started process (PID=113) to work on /opt/airflow/dags/retail_etl_dag.py
[2026-05-13T17:53:13.220+0000] {processor.py:830} INFO - Processing file /opt/airflow/dags/retail_etl_dag.py for tasks to queue
[2026-05-13T17:53:13.226+0000] {logging_mixin.py:188} INFO - [2026-05-13T17:53:13.225+0000] {dagbag.py:545} INFO - Filling up the DagBag from /opt/airflow/dags/retail_etl_dag.py
[2026-05-13T17:53:13.292+0000] {processor.py:840} INFO - DAG(s) 'retail_pipeline' retrieved from /opt/airflow/dags/retail_etl_dag.py
[2026-05-13T17:53:13.377+0000] {logging_mixin.py:188} INFO - [2026-05-13T17:53:13.377+0000] {dag.py:3096} INFO - Sync 1 DAGs
[2026-05-13T17:53:13.443+0000] {logging_mixin.py:188} INFO - [2026-05-13T17:53:13.442+0000] {dag.py:3954} INFO - Setting next_dagrun for retail_pipeline to 2026-05-13 00:00:00+00:00, run_after=2026-05-14 00:00:00+00:00
[2026-05-13T17:53:13.520+0000] {processor.py:183} INFO - Processing /opt/airflow/dags/retail_etl_dag.py took 0.332 seconds
[2026-05-13T17:53:44.466+0000] {processor.py:161} INFO - Started process (PID=114) to work on /opt/airflow/dags/retail_etl_dag.py
[2026-05-13T17:53:44.469+0000] {processor.py:830} INFO - Processing file /opt/airflow/dags/retail_etl_dag.py for tasks to queue
[2026-05-13T17:53:44.476+0000] {logging_mixin.py:188} INFO - [2026-05-13T17:53:44.475+0000] {dagbag.py:545} INFO - Filling up the DagBag from /opt/airflow/dags/retail_etl_dag.py
[2026-05-13T17:53:44.549+0000] {processor.py:840} INFO - DAG(s) 'retail_pipeline' retrieved from /opt/airflow/dags/retail_etl_dag.py
[2026-05-13T17:53:44.670+0000] {logging_mixin.py:188} INFO - [2026-05-13T17:53:44.668+0000] {dag.py:3096} INFO - Sync 1 DAGs
[2026-05-13T17:53:44.793+0000] {logging_mixin.py:188} INFO - [2026-05-13T17:53:44.792+0000] {dag.py:3954} INFO - Setting next_dagrun for retail_pipeline to 2026-05-13 00:00:00+00:00, run_after=2026-05-14 00:00:00+00:00
[2026-05-13T17:53:44.882+0000] {processor.py:183} INFO - Processing /opt/airflow/dags/retail_etl_dag.py took 0.438 seconds
[2026-05-13T17:54:15.337+0000] {processor.py:161} INFO - Started process (PID=115) to work on /opt/airflow/dags/retail_etl_dag.py
[2026-05-13T17:54:15.341+0000] {processor.py:830} INFO - Processing file /opt/airflow/dags/retail_etl_dag.py for tasks to queue
[2026-05-13T17:54:15.346+0000] {logging_mixin.py:188} INFO - [2026-05-13T17:54:15.345+0000] {dagbag.py:545} INFO - Filling up the DagBag from /opt/airflow/dags/retail_etl_dag.py
[2026-05-13T17:54:15.413+0000] {processor.py:840} INFO - DAG(s) 'retail_pipeline' retrieved from /opt/airflow/dags/retail_etl_dag.py
[2026-05-13T17:54:15.508+0000] {logging_mixin.py:188} INFO - [2026-05-13T17:54:15.508+0000] {dag.py:3096} INFO - Sync 1 DAGs
[2026-05-13T17:54:15.576+0000] {logging_mixin.py:188} INFO - [2026-05-13T17:54:15.576+0000] {dag.py:3954} INFO - Setting next_dagrun for retail_pipeline to 2026-05-13 00:00:00+00:00, run_after=2026-05-14 00:00:00+00:00
[2026-05-13T17:54:15.638+0000] {processor.py:183} INFO - Processing /opt/airflow/dags/retail_etl_dag.py took 0.322 seconds
[2026-05-13T17:54:46.266+0000] {processor.py:161} INFO - Started process (PID=116) to work on /opt/airflow/dags/retail_etl_dag.py
[2026-05-13T17:54:46.271+0000] {processor.py:830} INFO - Processing file /opt/airflow/dags/retail_etl_dag.py for tasks to queue
[2026-05-13T17:54:46.282+0000] {logging_mixin.py:188} INFO - [2026-05-13T17:54:46.281+0000] {dagbag.py:545} INFO - Filling up the DagBag from /opt/airflow/dags/retail_etl_dag.py
[2026-05-13T17:54:46.374+0000] {processor.py:840} INFO - DAG(s) 'retail_pipeline' retrieved from /opt/airflow/dags/retail_etl_dag.py
[2026-05-13T17:54:46.475+0000] {logging_mixin.py:188} INFO - [2026-05-13T17:54:46.474+0000] {dag.py:3096} INFO - Sync 1 DAGs
[2026-05-13T17:54:46.552+0000] {logging_mixin.py:188} INFO - [2026-05-13T17:54:46.552+0000] {dag.py:3954} INFO - Setting next_dagrun for retail_pipeline to 2026-05-13 00:00:00+00:00, run_after=2026-05-14 00:00:00+00:00
[2026-05-13T17:54:46.602+0000] {processor.py:183} INFO - Processing /opt/airflow/dags/retail_etl_dag.py took 0.370 seconds
[2026-05-13T17:55:17.576+0000] {processor.py:161} INFO - Started process (PID=117) to work on /opt/airflow/dags/retail_etl_dag.py
[2026-05-13T17:55:17.579+0000] {processor.py:830} INFO - Processing file /opt/airflow/dags/retail_etl_dag.py for tasks to queue
[2026-05-13T17:55:17.583+0000] {logging_mixin.py:188} INFO - [2026-05-13T17:55:17.582+0000] {dagbag.py:545} INFO - Filling up the DagBag from /opt/airflow/dags/retail_etl_dag.py
[2026-05-13T17:55:17.638+0000] {processor.py:840} INFO - DAG(s) 'retail_pipeline' retrieved from /opt/airflow/dags/retail_etl_dag.py
[2026-05-13T17:55:17.720+0000] {logging_mixin.py:188} INFO - [2026-05-13T17:55:17.719+0000] {dag.py:3096} INFO - Sync 1 DAGs
[2026-05-13T17:55:17.793+0000] {logging_mixin.py:188} INFO - [2026-05-13T17:55:17.792+0000] {dag.py:3954} INFO - Setting next_dagrun for retail_pipeline to 2026-05-13 00:00:00+00:00, run_after=2026-05-14 00:00:00+00:00
[2026-05-13T17:55:17.883+0000] {processor.py:183} INFO - Processing /opt/airflow/dags/retail_etl_dag.py took 0.321 seconds
[2026-05-13T17:55:48.097+0000] {processor.py:161} INFO - Started process (PID=118) to work on /opt/airflow/dags/retail_etl_dag.py
[2026-05-13T17:55:48.100+0000] {processor.py:830} INFO - Processing file /opt/airflow/dags/retail_etl_dag.py for tasks to queue
[2026-05-13T17:55:48.106+0000] {logging_mixin.py:188} INFO - [2026-05-13T17:55:48.105+0000] {dagbag.py:545} INFO - Filling up the DagBag from /opt/airflow/dags/retail_etl_dag.py
[2026-05-13T17:55:48.169+0000] {processor.py:840} INFO - DAG(s) 'retail_pipeline' retrieved from /opt/airflow/dags/retail_etl_dag.py
[2026-05-13T17:55:48.264+0000] {logging_mixin.py:188} INFO - [2026-05-13T17:55:48.263+0000] {dag.py:3096} INFO - Sync 1 DAGs
[2026-05-13T17:55:48.366+0000] {logging_mixin.py:188} INFO - [2026-05-13T17:55:48.366+0000] {dag.py:3954} INFO - Setting next_dagrun for retail_pipeline to 2026-05-13 00:00:00+00:00, run_after=2026-05-14 00:00:00+00:00
[2026-05-13T17:55:48.466+0000] {processor.py:183} INFO - Processing /opt/airflow/dags/retail_etl_dag.py took 0.392 seconds
[2026-05-13T17:56:19.147+0000] {processor.py:161} INFO - Started process (PID=119) to work on /opt/airflow/dags/retail_etl_dag.py
[2026-05-13T17:56:19.154+0000] {processor.py:830} INFO - Processing file /opt/airflow/dags/retail_etl_dag.py for tasks to queue
[2026-05-13T17:56:19.169+0000] {logging_mixin.py:188} INFO - [2026-05-13T17:56:19.167+0000] {dagbag.py:545} INFO - Filling up the DagBag from /opt/airflow/dags/retail_etl_dag.py
[2026-05-13T17:56:19.332+0000] {processor.py:840} INFO - DAG(s) 'retail_pipeline' retrieved from /opt/airflow/dags/retail_etl_dag.py
[2026-05-13T17:56:19.465+0000] {logging_mixin.py:188} INFO - [2026-05-13T17:56:19.464+0000] {dag.py:3096} INFO - Sync 1 DAGs
[2026-05-13T17:56:19.607+0000] {logging_mixin.py:188} INFO - [2026-05-13T17:56:19.606+0000] {dag.py:3954} INFO - Setting next_dagrun for retail_pipeline to 2026-05-13 00:00:00+00:00, run_after=2026-05-14 00:00:00+00:00
[2026-05-13T17:56:19.727+0000] {processor.py:183} INFO - Processing /opt/airflow/dags/retail_etl_dag.py took 0.638 seconds
[2026-05-13T17:56:50.412+0000] {processor.py:161} INFO - Started process (PID=120) to work on /opt/airflow/dags/retail_etl_dag.py
[2026-05-13T17:56:50.415+0000] {processor.py:830} INFO - Processing file /opt/airflow/dags/retail_etl_dag.py for tasks to queue
[2026-05-13T17:56:50.419+0000] {logging_mixin.py:188} INFO - [2026-05-13T17:56:50.418+0000] {dagbag.py:545} INFO - Filling up the DagBag from /opt/airflow/dags/retail_etl_dag.py
[2026-05-13T17:56:50.480+0000] {processor.py:840} INFO - DAG(s) 'retail_pipeline' retrieved from /opt/airflow/dags/retail_etl_dag.py
[2026-05-13T17:56:50.590+0000] {logging_mixin.py:188} INFO - [2026-05-13T17:56:50.590+0000] {dag.py:3096} INFO - Sync 1 DAGs
[2026-05-13T17:56:50.673+0000] {logging_mixin.py:188} INFO - [2026-05-13T17:56:50.672+0000] {dag.py:3954} INFO - Setting next_dagrun for retail_pipeline to 2026-05-13 00:00:00+00:00, run_after=2026-05-14 00:00:00+00:00
[2026-05-13T17:56:50.753+0000] {processor.py:183} INFO - Processing /opt/airflow/dags/retail_etl_dag.py took 0.357 seconds
[2026-05-13T17:57:21.752+0000] {processor.py:161} INFO - Started process (PID=121) to work on /opt/airflow/dags/retail_etl_dag.py
[2026-05-13T17:57:21.755+0000] {processor.py:830} INFO - Processing file /opt/airflow/dags/retail_etl_dag.py for tasks to queue
[2026-05-13T17:57:21.764+0000] {logging_mixin.py:188} INFO - [2026-05-13T17:57:21.762+0000] {dagbag.py:545} INFO - Filling up the DagBag from /opt/airflow/dags/retail_etl_dag.py
[2026-05-13T17:57:21.845+0000] {processor.py:840} INFO - DAG(s) 'retail_pipeline' retrieved from /opt/airflow/dags/retail_etl_dag.py
[2026-05-13T17:57:21.920+0000] {logging_mixin.py:188} INFO - [2026-05-13T17:57:21.920+0000] {dag.py:3096} INFO - Sync 1 DAGs
[2026-05-13T17:57:22.039+0000] {logging_mixin.py:188} INFO - [2026-05-13T17:57:22.038+0000] {dag.py:3954} INFO - Setting next_dagrun for retail_pipeline to 2026-05-13 00:00:00+00:00, run_after=2026-05-14 00:00:00+00:00
[2026-05-13T17:57:22.158+0000] {processor.py:183} INFO - Processing /opt/airflow/dags/retail_etl_dag.py took 0.429 seconds
[2026-05-13T17:57:52.703+0000] {processor.py:161} INFO - Started process (PID=122) to work on /opt/airflow/dags/retail_etl_dag.py
[2026-05-13T17:57:52.709+0000] {processor.py:830} INFO - Processing file /opt/airflow/dags/retail_etl_dag.py for tasks to queue
[2026-05-13T17:57:52.720+0000] {logging_mixin.py:188} INFO - [2026-05-13T17:57:52.718+0000] {dagbag.py:545} INFO - Filling up the DagBag from /opt/airflow/dags/retail_etl_dag.py
[2026-05-13T17:57:52.857+0000] {processor.py:840} INFO - DAG(s) 'retail_pipeline' retrieved from /opt/airflow/dags/retail_etl_dag.py
[2026-05-13T17:57:53.028+0000] {logging_mixin.py:188} INFO - [2026-05-13T17:57:53.026+0000] {dag.py:3096} INFO - Sync 1 DAGs
[2026-05-13T17:57:53.152+0000] {logging_mixin.py:188} INFO - [2026-05-13T17:57:53.150+0000] {dag.py:3954} INFO - Setting next_dagrun for retail_pipeline to 2026-05-13 00:00:00+00:00, run_after=2026-05-14 00:00:00+00:00
[2026-05-13T17:57:53.279+0000] {processor.py:183} INFO - Processing /opt/airflow/dags/retail_etl_dag.py took 0.613 seconds
[2026-05-13T17:58:24.081+0000] {processor.py:161} INFO - Started process (PID=123) to work on /opt/airflow/dags/retail_etl_dag.py
[2026-05-13T17:58:24.085+0000] {processor.py:830} INFO - Processing file /opt/airflow/dags/retail_etl_dag.py for tasks to queue
[2026-05-13T17:58:24.091+0000] {logging_mixin.py:188} INFO - [2026-05-13T17:58:24.090+0000] {dagbag.py:545} INFO - Filling up the DagBag from /opt/airflow/dags/retail_etl_dag.py
[2026-05-13T17:58:24.163+0000] {processor.py:840} INFO - DAG(s) 'retail_pipeline' retrieved from /opt/airflow/dags/retail_etl_dag.py
[2026-05-13T17:58:24.306+0000] {logging_mixin.py:188} INFO - [2026-05-13T17:58:24.304+0000] {dag.py:3096} INFO - Sync 1 DAGs
[2026-05-13T17:58:24.436+0000] {logging_mixin.py:188} INFO - [2026-05-13T17:58:24.436+0000] {dag.py:3954} INFO - Setting next_dagrun for retail_pipeline to 2026-05-13 00:00:00+00:00, run_after=2026-05-14 00:00:00+00:00
[2026-05-13T17:58:24.534+0000] {processor.py:183} INFO - Processing /opt/airflow/dags/retail_etl_dag.py took 0.513 seconds
[2026-05-13T17:58:55.270+0000] {processor.py:161} INFO - Started process (PID=124) to work on /opt/airflow/dags/retail_etl_dag.py
[2026-05-13T17:58:55.278+0000] {processor.py:830} INFO - Processing file /opt/airflow/dags/retail_etl_dag.py for tasks to queue
[2026-05-13T17:58:55.292+0000] {logging_mixin.py:188} INFO - [2026-05-13T17:58:55.290+0000] {dagbag.py:545} INFO - Filling up the DagBag from /opt/airflow/dags/retail_etl_dag.py
[2026-05-13T17:58:55.449+0000] {processor.py:840} INFO - DAG(s) 'retail_pipeline' retrieved from /opt/airflow/dags/retail_etl_dag.py
[2026-05-13T17:58:55.653+0000] {logging_mixin.py:188} INFO - [2026-05-13T17:58:55.651+0000] {dag.py:3096} INFO - Sync 1 DAGs
[2026-05-13T17:58:55.790+0000] {logging_mixin.py:188} INFO - [2026-05-13T17:58:55.789+0000] {dag.py:3954} INFO - Setting next_dagrun for retail_pipeline to 2026-05-13 00:00:00+00:00, run_after=2026-05-14 00:00:00+00:00
[2026-05-13T17:58:55.905+0000] {processor.py:183} INFO - Processing /opt/airflow/dags/retail_etl_dag.py took 0.683 seconds
[2026-05-13T17:59:26.389+0000] {processor.py:161} INFO - Started process (PID=125) to work on /opt/airflow/dags/retail_etl_dag.py
[2026-05-13T17:59:26.394+0000] {processor.py:830} INFO - Processing file /opt/airflow/dags/retail_etl_dag.py for tasks to queue
[2026-05-13T17:59:26.403+0000] {logging_mixin.py:188} INFO - [2026-05-13T17:59:26.402+0000] {dagbag.py:545} INFO - Filling up the DagBag from /opt/airflow/dags/retail_etl_dag.py
[2026-05-13T17:59:26.530+0000] {processor.py:840} INFO - DAG(s) 'retail_pipeline' retrieved from /opt/airflow/dags/retail_etl_dag.py
[2026-05-13T17:59:26.734+0000] {logging_mixin.py:188} INFO - [2026-05-13T17:59:26.732+0000] {dag.py:3096} INFO - Sync 1 DAGs
[2026-05-13T17:59:26.881+0000] {logging_mixin.py:188} INFO - [2026-05-13T17:59:26.880+0000] {dag.py:3954} INFO - Setting next_dagrun for retail_pipeline to 2026-05-13 00:00:00+00:00, run_after=2026-05-14 00:00:00+00:00
[2026-05-13T17:59:26.976+0000] {processor.py:183} INFO - Processing /opt/airflow/dags/retail_etl_dag.py took 0.625 seconds
[2026-05-13T17:59:57.902+0000] {processor.py:161} INFO - Started process (PID=126) to work on /opt/airflow/dags/retail_etl_dag.py
[2026-05-13T17:59:57.905+0000] {processor.py:830} INFO - Processing file /opt/airflow/dags/retail_etl_dag.py for tasks to queue
[2026-05-13T17:59:57.913+0000] {logging_mixin.py:188} INFO - [2026-05-13T17:59:57.912+0000] {dagbag.py:545} INFO - Filling up the DagBag from /opt/airflow/dags/retail_etl_dag.py
[2026-05-13T17:59:57.989+0000] {processor.py:840} INFO - DAG(s) 'retail_pipeline' retrieved from /opt/airflow/dags/retail_etl_dag.py
[2026-05-13T17:59:58.095+0000] {logging_mixin.py:188} INFO - [2026-05-13T17:59:58.094+0000] {dag.py:3096} INFO - Sync 1 DAGs
[2026-05-13T17:59:58.155+0000] {logging_mixin.py:188} INFO - [2026-05-13T17:59:58.155+0000] {dag.py:3954} INFO - Setting next_dagrun for retail_pipeline to 2026-05-13 00:00:00+00:00, run_after=2026-05-14 00:00:00+00:00
[2026-05-13T17:59:58.204+0000] {processor.py:183} INFO - Processing /opt/airflow/dags/retail_etl_dag.py took 0.320 seconds
[2026-05-13T18:00:28.932+0000] {processor.py:161} INFO - Started process (PID=127) to work on /opt/airflow/dags/retail_etl_dag.py
[2026-05-13T18:00:28.938+0000] {processor.py:830} INFO - Processing file /opt/airflow/dags/retail_etl_dag.py for tasks to queue
[2026-05-13T18:00:28.954+0000] {logging_mixin.py:188} INFO - [2026-05-13T18:00:28.952+0000] {dagbag.py:545} INFO - Filling up the DagBag from /opt/airflow/dags/retail_etl_dag.py
[2026-05-13T18:00:29.076+0000] {processor.py:840} INFO - DAG(s) 'retail_pipeline' retrieved from /opt/airflow/dags/retail_etl_dag.py
[2026-05-13T18:00:29.252+0000] {logging_mixin.py:188} INFO - [2026-05-13T18:00:29.250+0000] {dag.py:3096} INFO - Sync 1 DAGs
[2026-05-13T18:00:29.383+0000] {logging_mixin.py:188} INFO - [2026-05-13T18:00:29.382+0000] {dag.py:3954} INFO - Setting next_dagrun for retail_pipeline to 2026-05-13 00:00:00+00:00, run_after=2026-05-14 00:00:00+00:00
[2026-05-13T18:00:29.499+0000] {processor.py:183} INFO - Processing /opt/airflow/dags/retail_etl_dag.py took 0.606 seconds
[2026-05-13T18:00:59.828+0000] {processor.py:161} INFO - Started process (PID=128) to work on /opt/airflow/dags/retail_etl_dag.py
[2026-05-13T18:00:59.835+0000] {processor.py:830} INFO - Processing file /opt/airflow/dags/retail_etl_dag.py for tasks to queue
[2026-05-13T18:00:59.849+0000] {logging_mixin.py:188} INFO - [2026-05-13T18:00:59.847+0000] {dagbag.py:545} INFO - Filling up the DagBag from /opt/airflow/dags/retail_etl_dag.py
[2026-05-13T18:00:59.976+0000] {processor.py:840} INFO - DAG(s) 'retail_pipeline' retrieved from /opt/airflow/dags/retail_etl_dag.py
[2026-05-13T18:01:00.170+0000] {logging_mixin.py:188} INFO - [2026-05-13T18:01:00.168+0000] {dag.py:3096} INFO - Sync 1 DAGs
[2026-05-13T18:01:00.363+0000] {logging_mixin.py:188} INFO - [2026-05-13T18:01:00.361+0000] {dag.py:3954} INFO - Setting next_dagrun for retail_pipeline to 2026-05-13 00:00:00+00:00, run_after=2026-05-14 00:00:00+00:00
[2026-05-13T18:01:00.503+0000] {processor.py:183} INFO - Processing /opt/airflow/dags/retail_etl_dag.py took 0.714 seconds
[2026-05-13T18:01:31.185+0000] {processor.py:161} INFO - Started process (PID=129) to work on /opt/airflow/dags/retail_etl_dag.py
[2026-05-13T18:01:31.195+0000] {processor.py:830} INFO - Processing file /opt/airflow/dags/retail_etl_dag.py for tasks to queue
[2026-05-13T18:01:31.216+0000] {logging_mixin.py:188} INFO - [2026-05-13T18:01:31.214+0000] {dagbag.py:545} INFO - Filling up the DagBag from /opt/airflow/dags/retail_etl_dag.py
[2026-05-13T18:01:31.369+0000] {processor.py:840} INFO - DAG(s) 'retail_pipeline' retrieved from /opt/airflow/dags/retail_etl_dag.py
[2026-05-13T18:01:31.548+0000] {logging_mixin.py:188} INFO - [2026-05-13T18:01:31.547+0000] {dag.py:3096} INFO - Sync 1 DAGs
[2026-05-13T18:01:31.785+0000] {logging_mixin.py:188} INFO - [2026-05-13T18:01:31.784+0000] {dag.py:3954} INFO - Setting next_dagrun for retail_pipeline to 2026-05-13 00:00:00+00:00, run_after=2026-05-14 00:00:00+00:00
[2026-05-13T18:01:31.914+0000] {processor.py:183} INFO - Processing /opt/airflow/dags/retail_etl_dag.py took 0.770 seconds
[2026-05-13T18:02:02.360+0000] {processor.py:161} INFO - Started process (PID=130) to work on /opt/airflow/dags/retail_etl_dag.py
[2026-05-13T18:02:02.371+0000] {processor.py:830} INFO - Processing file /opt/airflow/dags/retail_etl_dag.py for tasks to queue
[2026-05-13T18:02:02.388+0000] {logging_mixin.py:188} INFO - [2026-05-13T18:02:02.386+0000] {dagbag.py:545} INFO - Filling up the DagBag from /opt/airflow/dags/retail_etl_dag.py
[2026-05-13T18:02:02.528+0000] {processor.py:840} INFO - DAG(s) 'retail_pipeline' retrieved from /opt/airflow/dags/retail_etl_dag.py
[2026-05-13T18:02:02.732+0000] {logging_mixin.py:188} INFO - [2026-05-13T18:02:02.731+0000] {dag.py:3096} INFO - Sync 1 DAGs
[2026-05-13T18:02:02.935+0000] {logging_mixin.py:188} INFO - [2026-05-13T18:02:02.933+0000] {dag.py:3954} INFO - Setting next_dagrun for retail_pipeline to 2026-05-13 00:00:00+00:00, run_after=2026-05-14 00:00:00+00:00
[2026-05-13T18:02:03.078+0000] {processor.py:183} INFO - Processing /opt/airflow/dags/retail_etl_dag.py took 0.768 seconds
[2026-05-13T18:02:33.905+0000] {processor.py:161} INFO - Started process (PID=131) to work on /opt/airflow/dags/retail_etl_dag.py
[2026-05-13T18:02:33.912+0000] {processor.py:830} INFO - Processing file /opt/airflow/dags/retail_etl_dag.py for tasks to queue
[2026-05-13T18:02:33.923+0000] {logging_mixin.py:188} INFO - [2026-05-13T18:02:33.921+0000] {dagbag.py:545} INFO - Filling up the DagBag from /opt/airflow/dags/retail_etl_dag.py
[2026-05-13T18:02:34.065+0000] {processor.py:840} INFO - DAG(s) 'retail_pipeline' retrieved from /opt/airflow/dags/retail_etl_dag.py
[2026-05-13T18:02:34.267+0000] {logging_mixin.py:188} INFO - [2026-05-13T18:02:34.266+0000] {dag.py:3096} INFO - Sync 1 DAGs
[2026-05-13T18:02:34.403+0000] {logging_mixin.py:188} INFO - [2026-05-13T18:02:34.402+0000] {dag.py:3954} INFO - Setting next_dagrun for retail_pipeline to 2026-05-13 00:00:00+00:00, run_after=2026-05-14 00:00:00+00:00
[2026-05-13T18:02:34.480+0000] {processor.py:183} INFO - Processing /opt/airflow/dags/retail_etl_dag.py took 0.615 seconds
[2026-05-13T18:03:05.027+0000] {processor.py:161} INFO - Started process (PID=132) to work on /opt/airflow/dags/retail_etl_dag.py
[2026-05-13T18:03:05.034+0000] {processor.py:830} INFO - Processing file /opt/airflow/dags/retail_etl_dag.py for tasks to queue
[2026-05-13T18:03:05.047+0000] {logging_mixin.py:188} INFO - [2026-05-13T18:03:05.046+0000] {dagbag.py:545} INFO - Filling up the DagBag from /opt/airflow/dags/retail_etl_dag.py
[2026-05-13T18:03:05.171+0000] {processor.py:840} INFO - DAG(s) 'retail_pipeline' retrieved from /opt/airflow/dags/retail_etl_dag.py
[2026-05-13T18:03:05.361+0000] {logging_mixin.py:188} INFO - [2026-05-13T18:03:05.360+0000] {dag.py:3096} INFO - Sync 1 DAGs
[2026-05-13T18:03:05.511+0000] {logging_mixin.py:188} INFO - [2026-05-13T18:03:05.510+0000] {dag.py:3954} INFO - Setting next_dagrun for retail_pipeline to 2026-05-13 00:00:00+00:00, run_after=2026-05-14 00:00:00+00:00
[2026-05-13T18:03:05.667+0000] {processor.py:183} INFO - Processing /opt/airflow/dags/retail_etl_dag.py took 0.679 seconds
[2026-05-13T18:03:36.457+0000] {processor.py:161} INFO - Started process (PID=133) to work on /opt/airflow/dags/retail_etl_dag.py
[2026-05-13T18:03:36.464+0000] {processor.py:830} INFO - Processing file /opt/airflow/dags/retail_etl_dag.py for tasks to queue
[2026-05-13T18:03:36.477+0000] {logging_mixin.py:188} INFO - [2026-05-13T18:03:36.474+0000] {dagbag.py:545} INFO - Filling up the DagBag from /opt/airflow/dags/retail_etl_dag.py
[2026-05-13T18:03:36.624+0000] {processor.py:840} INFO - DAG(s) 'retail_pipeline' retrieved from /opt/airflow/dags/retail_etl_dag.py
[2026-05-13T18:03:36.824+0000] {logging_mixin.py:188} INFO - [2026-05-13T18:03:36.822+0000] {dag.py:3096} INFO - Sync 1 DAGs
[2026-05-13T18:03:37.006+0000] {logging_mixin.py:188} INFO - [2026-05-13T18:03:37.005+0000] {dag.py:3954} INFO - Setting next_dagrun for retail_pipeline to 2026-05-13 00:00:00+00:00, run_after=2026-05-14 00:00:00+00:00
[2026-05-13T18:03:37.073+0000] {processor.py:183} INFO - Processing /opt/airflow/dags/retail_etl_dag.py took 0.665 seconds
[2026-05-13T18:04:07.490+0000] {processor.py:161} INFO - Started process (PID=134) to work on /opt/airflow/dags/retail_etl_dag.py
[2026-05-13T18:04:07.495+0000] {processor.py:830} INFO - Processing file /opt/airflow/dags/retail_etl_dag.py for tasks to queue
[2026-05-13T18:04:07.505+0000] {logging_mixin.py:188} INFO - [2026-05-13T18:04:07.503+0000] {dagbag.py:545} INFO - Filling up the DagBag from /opt/airflow/dags/retail_etl_dag.py
[2026-05-13T18:04:07.641+0000] {processor.py:840} INFO - DAG(s) 'retail_pipeline' retrieved from /opt/airflow/dags/retail_etl_dag.py
[2026-05-13T18:04:07.717+0000] {logging_mixin.py:188} INFO - [2026-05-13T18:04:07.717+0000] {dag.py:3096} INFO - Sync 1 DAGs
[2026-05-13T18:04:07.839+0000] {logging_mixin.py:188} INFO - [2026-05-13T18:04:07.837+0000] {dag.py:3954} INFO - Setting next_dagrun for retail_pipeline to 2026-05-13 00:00:00+00:00, run_after=2026-05-14 00:00:00+00:00
[2026-05-13T18:04:07.961+0000] {processor.py:183} INFO - Processing /opt/airflow/dags/retail_etl_dag.py took 0.506 seconds
[2026-05-13T18:04:39.007+0000] {processor.py:161} INFO - Started process (PID=135) to work on /opt/airflow/dags/retail_etl_dag.py
[2026-05-13T18:04:39.012+0000] {processor.py:830} INFO - Processing file /opt/airflow/dags/retail_etl_dag.py for tasks to queue
[2026-05-13T18:04:39.021+0000] {logging_mixin.py:188} INFO - [2026-05-13T18:04:39.019+0000] {dagbag.py:545} INFO - Filling up the DagBag from /opt/airflow/dags/retail_etl_dag.py
[2026-05-13T18:04:39.139+0000] {processor.py:840} INFO - DAG(s) 'retail_pipeline' retrieved from /opt/airflow/dags/retail_etl_dag.py
[2026-05-13T18:04:39.352+0000] {logging_mixin.py:188} INFO - [2026-05-13T18:04:39.349+0000] {dag.py:3096} INFO - Sync 1 DAGs
[2026-05-13T18:04:39.552+0000] {logging_mixin.py:188} INFO - [2026-05-13T18:04:39.551+0000] {dag.py:3954} INFO - Setting next_dagrun for retail_pipeline to 2026-05-13 00:00:00+00:00, run_after=2026-05-14 00:00:00+00:00
[2026-05-13T18:04:39.597+0000] {processor.py:183} INFO - Processing /opt/airflow/dags/retail_etl_dag.py took 0.624 seconds
[2026-05-13T18:05:09.853+0000] {processor.py:161} INFO - Started process (PID=136) to work on /opt/airflow/dags/retail_etl_dag.py
[2026-05-13T18:05:09.860+0000] {processor.py:830} INFO - Processing file /opt/airflow/dags/retail_etl_dag.py for tasks to queue
[2026-05-13T18:05:09.870+0000] {logging_mixin.py:188} INFO - [2026-05-13T18:05:09.869+0000] {dagbag.py:545} INFO - Filling up the DagBag from /opt/airflow/dags/retail_etl_dag.py
[2026-05-13T18:05:09.999+0000] {processor.py:840} INFO - DAG(s) 'retail_pipeline' retrieved from /opt/airflow/dags/retail_etl_dag.py
[2026-05-13T18:05:10.162+0000] {logging_mixin.py:188} INFO - [2026-05-13T18:05:10.160+0000] {dag.py:3096} INFO - Sync 1 DAGs
[2026-05-13T18:05:10.270+0000] {logging_mixin.py:188} INFO - [2026-05-13T18:05:10.269+0000] {dag.py:3954} INFO - Setting next_dagrun for retail_pipeline to 2026-05-13 00:00:00+00:00, run_after=2026-05-14 00:00:00+00:00
[2026-05-13T18:05:10.369+0000] {processor.py:183} INFO - Processing /opt/airflow/dags/retail_etl_dag.py took 0.549 seconds
[2026-05-13T18:05:40.061+0000] {processor.py:161} INFO - Started process (PID=137) to work on /opt/airflow/dags/retail_etl_dag.py
[2026-05-13T18:05:40.068+0000] {processor.py:830} INFO - Processing file /opt/airflow/dags/retail_etl_dag.py for tasks to queue
[2026-05-13T18:05:39.135+0000] {logging_mixin.py:188} INFO - [2026-05-13T18:05:39.133+0000] {dagbag.py:545} INFO - Filling up the DagBag from /opt/airflow/dags/retail_etl_dag.py
[2026-05-13T18:05:39.320+0000] {processor.py:840} INFO - DAG(s) 'retail_pipeline' retrieved from /opt/airflow/dags/retail_etl_dag.py
[2026-05-13T18:05:39.524+0000] {logging_mixin.py:188} INFO - [2026-05-13T18:05:39.523+0000] {dag.py:3096} INFO - Sync 1 DAGs
[2026-05-13T18:05:39.681+0000] {logging_mixin.py:188} INFO - [2026-05-13T18:05:39.679+0000] {dag.py:3954} INFO - Setting next_dagrun for retail_pipeline to 2026-05-13 00:00:00+00:00, run_after=2026-05-14 00:00:00+00:00
[2026-05-13T18:05:39.824+0000] {processor.py:183} INFO - Processing /opt/airflow/dags/retail_etl_dag.py took 0.763 seconds
[2026-05-13T18:06:10.699+0000] {processor.py:161} INFO - Started process (PID=138) to work on /opt/airflow/dags/retail_etl_dag.py
[2026-05-13T18:06:10.706+0000] {processor.py:830} INFO - Processing file /opt/airflow/dags/retail_etl_dag.py for tasks to queue
[2026-05-13T18:06:10.723+0000] {logging_mixin.py:188} INFO - [2026-05-13T18:06:10.720+0000] {dagbag.py:545} INFO - Filling up the DagBag from /opt/airflow/dags/retail_etl_dag.py
[2026-05-13T18:06:10.891+0000] {processor.py:840} INFO - DAG(s) 'retail_pipeline' retrieved from /opt/airflow/dags/retail_etl_dag.py
[2026-05-13T18:06:11.128+0000] {logging_mixin.py:188} INFO - [2026-05-13T18:06:11.127+0000] {dag.py:3096} INFO - Sync 1 DAGs
[2026-05-13T18:06:11.294+0000] {logging_mixin.py:188} INFO - [2026-05-13T18:06:11.292+0000] {dag.py:3954} INFO - Setting next_dagrun for retail_pipeline to 2026-05-13 00:00:00+00:00, run_after=2026-05-14 00:00:00+00:00
[2026-05-13T18:06:11.437+0000] {processor.py:183} INFO - Processing /opt/airflow/dags/retail_etl_dag.py took 0.789 seconds
[2026-05-13T18:06:41.694+0000] {processor.py:161} INFO - Started process (PID=139) to work on /opt/airflow/dags/retail_etl_dag.py
[2026-05-13T18:06:41.704+0000] {processor.py:830} INFO - Processing file /opt/airflow/dags/retail_etl_dag.py for tasks to queue
[2026-05-13T18:06:41.722+0000] {logging_mixin.py:188} INFO - [2026-05-13T18:06:41.719+0000] {dagbag.py:545} INFO - Filling up the DagBag from /opt/airflow/dags/retail_etl_dag.py
[2026-05-13T18:06:41.885+0000] {processor.py:840} INFO - DAG(s) 'retail_pipeline' retrieved from /opt/airflow/dags/retail_etl_dag.py
[2026-05-13T18:06:42.124+0000] {logging_mixin.py:188} INFO - [2026-05-13T18:06:42.123+0000] {dag.py:3096} INFO - Sync 1 DAGs
[2026-05-13T18:06:42.302+0000] {logging_mixin.py:188} INFO - [2026-05-13T18:06:42.301+0000] {dag.py:3954} INFO - Setting next_dagrun for retail_pipeline to 2026-05-13 00:00:00+00:00, run_after=2026-05-14 00:00:00+00:00
[2026-05-13T18:06:42.387+0000] {processor.py:183} INFO - Processing /opt/airflow/dags/retail_etl_dag.py took 0.748 seconds
[2026-05-13T18:07:13.312+0000] {processor.py:161} INFO - Started process (PID=140) to work on /opt/airflow/dags/retail_etl_dag.py
[2026-05-13T18:07:13.319+0000] {processor.py:830} INFO - Processing file /opt/airflow/dags/retail_etl_dag.py for tasks to queue
[2026-05-13T18:07:13.332+0000] {logging_mixin.py:188} INFO - [2026-05-13T18:07:13.330+0000] {dagbag.py:545} INFO - Filling up the DagBag from /opt/airflow/dags/retail_etl_dag.py
[2026-05-13T18:07:13.478+0000] {processor.py:840} INFO - DAG(s) 'retail_pipeline' retrieved from /opt/airflow/dags/retail_etl_dag.py
[2026-05-13T18:07:13.748+0000] {logging_mixin.py:188} INFO - [2026-05-13T18:07:13.746+0000] {dag.py:3096} INFO - Sync 1 DAGs
[2026-05-13T18:07:13.820+0000] {logging_mixin.py:188} INFO - [2026-05-13T18:07:13.819+0000] {dag.py:3954} INFO - Setting next_dagrun for retail_pipeline to 2026-05-13 00:00:00+00:00, run_after=2026-05-14 00:00:00+00:00
[2026-05-13T18:07:13.869+0000] {processor.py:183} INFO - Processing /opt/airflow/dags/retail_etl_dag.py took 0.589 seconds
[2026-05-13T18:07:44.352+0000] {processor.py:161} INFO - Started process (PID=141) to work on /opt/airflow/dags/retail_etl_dag.py
[2026-05-13T18:07:44.357+0000] {processor.py:830} INFO - Processing file /opt/airflow/dags/retail_etl_dag.py for tasks to queue
[2026-05-13T18:07:44.373+0000] {logging_mixin.py:188} INFO - [2026-05-13T18:07:44.371+0000] {dagbag.py:545} INFO - Filling up the DagBag from /opt/airflow/dags/retail_etl_dag.py
[2026-05-13T18:07:44.533+0000] {processor.py:840} INFO - DAG(s) 'retail_pipeline' retrieved from /opt/airflow/dags/retail_etl_dag.py
[2026-05-13T18:07:44.659+0000] {logging_mixin.py:188} INFO - [2026-05-13T18:07:44.659+0000] {dag.py:3096} INFO - Sync 1 DAGs
[2026-05-13T18:07:44.788+0000] {logging_mixin.py:188} INFO - [2026-05-13T18:07:44.788+0000] {dag.py:3954} INFO - Setting next_dagrun for retail_pipeline to 2026-05-13 00:00:00+00:00, run_after=2026-05-14 00:00:00+00:00
[2026-05-13T18:07:44.836+0000] {processor.py:183} INFO - Processing /opt/airflow/dags/retail_etl_dag.py took 0.535 seconds
[2026-05-13T18:08:15.802+0000] {processor.py:161} INFO - Started process (PID=142) to work on /opt/airflow/dags/retail_etl_dag.py
[2026-05-13T18:08:15.821+0000] {processor.py:830} INFO - Processing file /opt/airflow/dags/retail_etl_dag.py for tasks to queue
[2026-05-13T18:08:15.847+0000] {logging_mixin.py:188} INFO - [2026-05-13T18:08:15.845+0000] {dagbag.py:545} INFO - Filling up the DagBag from /opt/airflow/dags/retail_etl_dag.py
[2026-05-13T18:08:15.928+0000] {processor.py:840} INFO - DAG(s) 'retail_pipeline' retrieved from /opt/airflow/dags/retail_etl_dag.py
[2026-05-13T18:08:16.049+0000] {logging_mixin.py:188} INFO - [2026-05-13T18:08:16.048+0000] {dag.py:3096} INFO - Sync 1 DAGs
[2026-05-13T18:08:16.227+0000] {logging_mixin.py:188} INFO - [2026-05-13T18:08:16.225+0000] {dag.py:3954} INFO - Setting next_dagrun for retail_pipeline to 2026-05-13 00:00:00+00:00, run_after=2026-05-14 00:00:00+00:00
[2026-05-13T18:08:16.374+0000] {processor.py:183} INFO - Processing /opt/airflow/dags/retail_etl_dag.py took 0.616 seconds
[2026-05-13T18:08:46.777+0000] {processor.py:161} INFO - Started process (PID=143) to work on /opt/airflow/dags/retail_etl_dag.py
[2026-05-13T18:08:46.784+0000] {processor.py:830} INFO - Processing file /opt/airflow/dags/retail_etl_dag.py for tasks to queue
[2026-05-13T18:08:46.802+0000] {logging_mixin.py:188} INFO - [2026-05-13T18:08:46.795+0000] {dagbag.py:545} INFO - Filling up the DagBag from /opt/airflow/dags/retail_etl_dag.py
[2026-05-13T18:08:46.945+0000] {processor.py:840} INFO - DAG(s) 'retail_pipeline' retrieved from /opt/airflow/dags/retail_etl_dag.py
[2026-05-13T18:08:47.121+0000] {logging_mixin.py:188} INFO - [2026-05-13T18:08:47.121+0000] {dag.py:3096} INFO - Sync 1 DAGs
[2026-05-13T18:08:47.244+0000] {logging_mixin.py:188} INFO - [2026-05-13T18:08:47.243+0000] {dag.py:3954} INFO - Setting next_dagrun for retail_pipeline to 2026-05-13 00:00:00+00:00, run_after=2026-05-14 00:00:00+00:00
[2026-05-13T18:08:47.372+0000] {processor.py:183} INFO - Processing /opt/airflow/dags/retail_etl_dag.py took 0.635 seconds
[2026-05-13T18:09:18.171+0000] {processor.py:161} INFO - Started process (PID=144) to work on /opt/airflow/dags/retail_etl_dag.py
[2026-05-13T18:09:18.174+0000] {processor.py:830} INFO - Processing file /opt/airflow/dags/retail_etl_dag.py for tasks to queue
[2026-05-13T18:09:18.180+0000] {logging_mixin.py:188} INFO - [2026-05-13T18:09:18.179+0000] {dagbag.py:545} INFO - Filling up the DagBag from /opt/airflow/dags/retail_etl_dag.py
[2026-05-13T18:09:18.239+0000] {processor.py:840} INFO - DAG(s) 'retail_pipeline' retrieved from /opt/airflow/dags/retail_etl_dag.py
[2026-05-13T18:09:18.362+0000] {logging_mixin.py:188} INFO - [2026-05-13T18:09:18.362+0000] {dag.py:3096} INFO - Sync 1 DAGs
[2026-05-13T18:09:18.424+0000] {logging_mixin.py:188} INFO - [2026-05-13T18:09:18.424+0000] {dag.py:3954} INFO - Setting next_dagrun for retail_pipeline to 2026-05-13 00:00:00+00:00, run_after=2026-05-14 00:00:00+00:00
[2026-05-13T18:09:18.470+0000] {processor.py:183} INFO - Processing /opt/airflow/dags/retail_etl_dag.py took 0.314 seconds
[2026-05-13T18:09:49.265+0000] {processor.py:161} INFO - Started process (PID=145) to work on /opt/airflow/dags/retail_etl_dag.py
[2026-05-13T18:09:49.270+0000] {processor.py:830} INFO - Processing file /opt/airflow/dags/retail_etl_dag.py for tasks to queue
[2026-05-13T18:09:49.283+0000] {logging_mixin.py:188} INFO - [2026-05-13T18:09:49.281+0000] {dagbag.py:545} INFO - Filling up the DagBag from /opt/airflow/dags/retail_etl_dag.py
[2026-05-13T18:09:49.415+0000] {processor.py:840} INFO - DAG(s) 'retail_pipeline' retrieved from /opt/airflow/dags/retail_etl_dag.py
[2026-05-13T18:09:49.593+0000] {logging_mixin.py:188} INFO - [2026-05-13T18:09:49.591+0000] {dag.py:3096} INFO - Sync 1 DAGs
[2026-05-13T18:09:49.958+0000] {logging_mixin.py:188} INFO - [2026-05-13T18:09:49.957+0000] {dag.py:3954} INFO - Setting next_dagrun for retail_pipeline to 2026-05-13 00:00:00+00:00, run_after=2026-05-14 00:00:00+00:00
[2026-05-13T18:09:50.177+0000] {processor.py:183} INFO - Processing /opt/airflow/dags/retail_etl_dag.py took 0.947 seconds
[2026-05-13T18:10:21.458+0000] {processor.py:161} INFO - Started process (PID=146) to work on /opt/airflow/dags/retail_etl_dag.py
[2026-05-13T18:10:21.460+0000] {processor.py:830} INFO - Processing file /opt/airflow/dags/retail_etl_dag.py for tasks to queue
[2026-05-13T18:10:21.467+0000] {logging_mixin.py:188} INFO - [2026-05-13T18:10:21.466+0000] {dagbag.py:545} INFO - Filling up the DagBag from /opt/airflow/dags/retail_etl_dag.py
[2026-05-13T18:10:21.523+0000] {processor.py:840} INFO - DAG(s) 'retail_pipeline' retrieved from /opt/airflow/dags/retail_etl_dag.py
[2026-05-13T18:10:21.647+0000] {logging_mixin.py:188} INFO - [2026-05-13T18:10:21.646+0000] {dag.py:3096} INFO - Sync 1 DAGs
[2026-05-13T18:10:21.825+0000] {logging_mixin.py:188} INFO - [2026-05-13T18:10:21.824+0000] {dag.py:3954} INFO - Setting next_dagrun for retail_pipeline to 2026-05-13 00:00:00+00:00, run_after=2026-05-14 00:00:00+00:00
[2026-05-13T18:10:21.913+0000] {processor.py:183} INFO - Processing /opt/airflow/dags/retail_etl_dag.py took 0.510 seconds
[2026-05-13T18:10:52.634+0000] {processor.py:161} INFO - Started process (PID=147) to work on /opt/airflow/dags/retail_etl_dag.py
[2026-05-13T18:10:52.635+0000] {processor.py:830} INFO - Processing file /opt/airflow/dags/retail_etl_dag.py for tasks to queue
[2026-05-13T18:10:52.637+0000] {logging_mixin.py:188} INFO - [2026-05-13T18:10:52.637+0000] {dagbag.py:545} INFO - Filling up the DagBag from /opt/airflow/dags/retail_etl_dag.py
[2026-05-13T18:10:52.665+0000] {processor.py:840} INFO - DAG(s) 'retail_pipeline' retrieved from /opt/airflow/dags/retail_etl_dag.py
[2026-05-13T18:10:52.714+0000] {logging_mixin.py:188} INFO - [2026-05-13T18:10:52.714+0000] {dag.py:3096} INFO - Sync 1 DAGs
[2026-05-13T18:10:52.821+0000] {logging_mixin.py:188} INFO - [2026-05-13T18:10:52.821+0000] {dag.py:3954} INFO - Setting next_dagrun for retail_pipeline to 2026-05-13 00:00:00+00:00, run_after=2026-05-14 00:00:00+00:00
[2026-05-13T18:10:52.897+0000] {processor.py:183} INFO - Processing /opt/airflow/dags/retail_etl_dag.py took 0.270 seconds
[2026-05-13T18:11:23.368+0000] {processor.py:161} INFO - Started process (PID=148) to work on /opt/airflow/dags/retail_etl_dag.py
[2026-05-13T18:11:23.370+0000] {processor.py:830} INFO - Processing file /opt/airflow/dags/retail_etl_dag.py for tasks to queue
[2026-05-13T18:11:23.373+0000] {logging_mixin.py:188} INFO - [2026-05-13T18:11:23.373+0000] {dagbag.py:545} INFO - Filling up the DagBag from /opt/airflow/dags/retail_etl_dag.py
[2026-05-13T18:11:23.404+0000] {processor.py:840} INFO - DAG(s) 'retail_pipeline' retrieved from /opt/airflow/dags/retail_etl_dag.py
[2026-05-13T18:11:23.440+0000] {logging_mixin.py:188} INFO - [2026-05-13T18:11:23.440+0000] {dag.py:3096} INFO - Sync 1 DAGs
[2026-05-13T18:11:23.480+0000] {logging_mixin.py:188} INFO - [2026-05-13T18:11:23.479+0000] {dag.py:3954} INFO - Setting next_dagrun for retail_pipeline to 2026-05-13 00:00:00+00:00, run_after=2026-05-14 00:00:00+00:00
[2026-05-13T18:11:23.506+0000] {processor.py:183} INFO - Processing /opt/airflow/dags/retail_etl_dag.py took 0.160 seconds
[2026-05-13T18:11:53.928+0000] {processor.py:161} INFO - Started process (PID=149) to work on /opt/airflow/dags/retail_etl_dag.py
[2026-05-13T18:11:53.929+0000] {processor.py:830} INFO - Processing file /opt/airflow/dags/retail_etl_dag.py for tasks to queue
[2026-05-13T18:11:53.932+0000] {logging_mixin.py:188} INFO - [2026-05-13T18:11:53.931+0000] {dagbag.py:545} INFO - Filling up the DagBag from /opt/airflow/dags/retail_etl_dag.py
[2026-05-13T18:11:53.963+0000] {processor.py:840} INFO - DAG(s) 'retail_pipeline' retrieved from /opt/airflow/dags/retail_etl_dag.py
[2026-05-13T18:11:54.000+0000] {logging_mixin.py:188} INFO - [2026-05-13T18:11:54.000+0000] {dag.py:3096} INFO - Sync 1 DAGs
[2026-05-13T18:11:54.031+0000] {logging_mixin.py:188} INFO - [2026-05-13T18:11:54.031+0000] {dag.py:3954} INFO - Setting next_dagrun for retail_pipeline to 2026-05-13 00:00:00+00:00, run_after=2026-05-14 00:00:00+00:00
[2026-05-13T18:11:54.102+0000] {processor.py:183} INFO - Processing /opt/airflow/dags/retail_etl_dag.py took 0.181 seconds
[2026-05-13T18:12:24.481+0000] {processor.py:161} INFO - Started process (PID=150) to work on /opt/airflow/dags/retail_etl_dag.py
[2026-05-13T18:12:24.484+0000] {processor.py:830} INFO - Processing file /opt/airflow/dags/retail_etl_dag.py for tasks to queue
[2026-05-13T18:12:24.489+0000] {logging_mixin.py:188} INFO - [2026-05-13T18:12:24.488+0000] {dagbag.py:545} INFO - Filling up the DagBag from /opt/airflow/dags/retail_etl_dag.py
[2026-05-13T18:12:24.539+0000] {processor.py:840} INFO - DAG(s) 'retail_pipeline' retrieved from /opt/airflow/dags/retail_etl_dag.py
[2026-05-13T18:12:24.600+0000] {logging_mixin.py:188} INFO - [2026-05-13T18:12:24.600+0000] {dag.py:3096} INFO - Sync 1 DAGs
[2026-05-13T18:12:24.635+0000] {logging_mixin.py:188} INFO - [2026-05-13T18:12:24.635+0000] {dag.py:3954} INFO - Setting next_dagrun for retail_pipeline to 2026-05-13 00:00:00+00:00, run_after=2026-05-14 00:00:00+00:00
[2026-05-13T18:12:24.654+0000] {processor.py:183} INFO - Processing /opt/airflow/dags/retail_etl_dag.py took 0.190 seconds
[2026-05-13T18:12:55.131+0000] {processor.py:161} INFO - Started process (PID=151) to work on /opt/airflow/dags/retail_etl_dag.py
[2026-05-13T18:12:55.132+0000] {processor.py:830} INFO - Processing file /opt/airflow/dags/retail_etl_dag.py for tasks to queue
[2026-05-13T18:12:55.136+0000] {logging_mixin.py:188} INFO - [2026-05-13T18:12:55.136+0000] {dagbag.py:545} INFO - Filling up the DagBag from /opt/airflow/dags/retail_etl_dag.py
[2026-05-13T18:12:55.164+0000] {processor.py:840} INFO - DAG(s) 'retail_pipeline' retrieved from /opt/airflow/dags/retail_etl_dag.py
[2026-05-13T18:12:55.202+0000] {logging_mixin.py:188} INFO - [2026-05-13T18:12:55.201+0000] {dag.py:3096} INFO - Sync 1 DAGs
[2026-05-13T18:12:55.230+0000] {logging_mixin.py:188} INFO - [2026-05-13T18:12:55.230+0000] {dag.py:3954} INFO - Setting next_dagrun for retail_pipeline to 2026-05-13 00:00:00+00:00, run_after=2026-05-14 00:00:00+00:00
[2026-05-13T18:12:55.256+0000] {processor.py:183} INFO - Processing /opt/airflow/dags/retail_etl_dag.py took 0.134 seconds
[2026-05-13T18:13:25.616+0000] {processor.py:161} INFO - Started process (PID=152) to work on /opt/airflow/dags/retail_etl_dag.py
[2026-05-13T18:13:25.617+0000] {processor.py:830} INFO - Processing file /opt/airflow/dags/retail_etl_dag.py for tasks to queue
[2026-05-13T18:13:25.621+0000] {logging_mixin.py:188} INFO - [2026-05-13T18:13:25.620+0000] {dagbag.py:545} INFO - Filling up the DagBag from /opt/airflow/dags/retail_etl_dag.py
[2026-05-13T18:13:25.654+0000] {processor.py:840} INFO - DAG(s) 'retail_pipeline' retrieved from /opt/airflow/dags/retail_etl_dag.py
[2026-05-13T18:13:25.691+0000] {logging_mixin.py:188} INFO - [2026-05-13T18:13:25.691+0000] {dag.py:3096} INFO - Sync 1 DAGs
[2026-05-13T18:13:25.720+0000] {logging_mixin.py:188} INFO - [2026-05-13T18:13:25.720+0000] {dag.py:3954} INFO - Setting next_dagrun for retail_pipeline to 2026-05-13 00:00:00+00:00, run_after=2026-05-14 00:00:00+00:00
[2026-05-13T18:13:25.745+0000] {processor.py:183} INFO - Processing /opt/airflow/dags/retail_etl_dag.py took 0.149 seconds
[2026-05-13T18:13:56.220+0000] {processor.py:161} INFO - Started process (PID=153) to work on /opt/airflow/dags/retail_etl_dag.py
[2026-05-13T18:13:56.221+0000] {processor.py:830} INFO - Processing file /opt/airflow/dags/retail_etl_dag.py for tasks to queue
[2026-05-13T18:13:56.224+0000] {logging_mixin.py:188} INFO - [2026-05-13T18:13:56.223+0000] {dagbag.py:545} INFO - Filling up the DagBag from /opt/airflow/dags/retail_etl_dag.py
[2026-05-13T18:13:56.264+0000] {processor.py:840} INFO - DAG(s) 'retail_pipeline' retrieved from /opt/airflow/dags/retail_etl_dag.py
[2026-05-13T18:13:56.306+0000] {logging_mixin.py:188} INFO - [2026-05-13T18:13:56.306+0000] {dag.py:3096} INFO - Sync 1 DAGs
[2026-05-13T18:13:56.332+0000] {logging_mixin.py:188} INFO - [2026-05-13T18:13:56.331+0000] {dag.py:3954} INFO - Setting next_dagrun for retail_pipeline to 2026-05-13 00:00:00+00:00, run_after=2026-05-14 00:00:00+00:00
[2026-05-13T18:13:56.355+0000] {processor.py:183} INFO - Processing /opt/airflow/dags/retail_etl_dag.py took 0.145 seconds
[2026-05-13T18:14:26.745+0000] {processor.py:161} INFO - Started process (PID=154) to work on /opt/airflow/dags/retail_etl_dag.py
[2026-05-13T18:14:26.747+0000] {processor.py:830} INFO - Processing file /opt/airflow/dags/retail_etl_dag.py for tasks to queue
[2026-05-13T18:14:26.757+0000] {logging_mixin.py:188} INFO - [2026-05-13T18:14:26.756+0000] {dagbag.py:545} INFO - Filling up the DagBag from /opt/airflow/dags/retail_etl_dag.py
[2026-05-13T18:14:26.796+0000] {processor.py:840} INFO - DAG(s) 'retail_pipeline' retrieved from /opt/airflow/dags/retail_etl_dag.py
[2026-05-13T18:14:26.835+0000] {logging_mixin.py:188} INFO - [2026-05-13T18:14:26.834+0000] {dag.py:3096} INFO - Sync 1 DAGs
[2026-05-13T18:14:26.863+0000] {logging_mixin.py:188} INFO - [2026-05-13T18:14:26.863+0000] {dag.py:3954} INFO - Setting next_dagrun for retail_pipeline to 2026-05-13 00:00:00+00:00, run_after=2026-05-14 00:00:00+00:00
[2026-05-13T18:14:26.888+0000] {processor.py:183} INFO - Processing /opt/airflow/dags/retail_etl_dag.py took 0.157 seconds
[2026-05-13T18:14:57.426+0000] {processor.py:161} INFO - Started process (PID=155) to work on /opt/airflow/dags/retail_etl_dag.py
[2026-05-13T18:14:57.428+0000] {processor.py:830} INFO - Processing file /opt/airflow/dags/retail_etl_dag.py for tasks to queue
[2026-05-13T18:14:57.431+0000] {logging_mixin.py:188} INFO - [2026-05-13T18:14:57.431+0000] {dagbag.py:545} INFO - Filling up the DagBag from /opt/airflow/dags/retail_etl_dag.py
[2026-05-13T18:14:57.460+0000] {processor.py:840} INFO - DAG(s) 'retail_pipeline' retrieved from /opt/airflow/dags/retail_etl_dag.py
[2026-05-13T18:14:57.506+0000] {logging_mixin.py:188} INFO - [2026-05-13T18:14:57.506+0000] {dag.py:3096} INFO - Sync 1 DAGs
[2026-05-13T18:14:57.535+0000] {logging_mixin.py:188} INFO - [2026-05-13T18:14:57.535+0000] {dag.py:3954} INFO - Setting next_dagrun for retail_pipeline to 2026-05-13 00:00:00+00:00, run_after=2026-05-14 00:00:00+00:00
[2026-05-13T18:14:57.560+0000] {processor.py:183} INFO - Processing /opt/airflow/dags/retail_etl_dag.py took 0.141 seconds
[2026-05-13T18:15:27.900+0000] {processor.py:161} INFO - Started process (PID=156) to work on /opt/airflow/dags/retail_etl_dag.py
[2026-05-13T18:15:27.902+0000] {processor.py:830} INFO - Processing file /opt/airflow/dags/retail_etl_dag.py for tasks to queue
[2026-05-13T18:15:27.907+0000] {logging_mixin.py:188} INFO - [2026-05-13T18:15:27.906+0000] {dagbag.py:545} INFO - Filling up the DagBag from /opt/airflow/dags/retail_etl_dag.py
[2026-05-13T18:15:27.948+0000] {processor.py:840} INFO - DAG(s) 'retail_pipeline' retrieved from /opt/airflow/dags/retail_etl_dag.py
[2026-05-13T18:15:27.997+0000] {logging_mixin.py:188} INFO - [2026-05-13T18:15:27.996+0000] {dag.py:3096} INFO - Sync 1 DAGs
[2026-05-13T18:15:28.034+0000] {logging_mixin.py:188} INFO - [2026-05-13T18:15:28.034+0000] {dag.py:3954} INFO - Setting next_dagrun for retail_pipeline to 2026-05-13 00:00:00+00:00, run_after=2026-05-14 00:00:00+00:00
[2026-05-13T18:15:28.061+0000] {processor.py:183} INFO - Processing /opt/airflow/dags/retail_etl_dag.py took 0.168 seconds
[2026-05-13T18:15:58.495+0000] {processor.py:161} INFO - Started process (PID=157) to work on /opt/airflow/dags/retail_etl_dag.py
[2026-05-13T18:15:58.496+0000] {processor.py:830} INFO - Processing file /opt/airflow/dags/retail_etl_dag.py for tasks to queue
[2026-05-13T18:15:58.499+0000] {logging_mixin.py:188} INFO - [2026-05-13T18:15:58.499+0000] {dagbag.py:545} INFO - Filling up the DagBag from /opt/airflow/dags/retail_etl_dag.py
[2026-05-13T18:15:58.527+0000] {processor.py:840} INFO - DAG(s) 'retail_pipeline' retrieved from /opt/airflow/dags/retail_etl_dag.py
[2026-05-13T18:15:58.564+0000] {logging_mixin.py:188} INFO - [2026-05-13T18:15:58.564+0000] {dag.py:3096} INFO - Sync 1 DAGs
[2026-05-13T18:15:58.592+0000] {logging_mixin.py:188} INFO - [2026-05-13T18:15:58.592+0000] {dag.py:3954} INFO - Setting next_dagrun for retail_pipeline to 2026-05-13 00:00:00+00:00, run_after=2026-05-14 00:00:00+00:00
[2026-05-13T18:15:58.617+0000] {processor.py:183} INFO - Processing /opt/airflow/dags/retail_etl_dag.py took 0.129 seconds
[2026-05-13T18:16:29.253+0000] {processor.py:161} INFO - Started process (PID=167) to work on /opt/airflow/dags/retail_etl_dag.py
[2026-05-13T18:16:29.277+0000] {processor.py:830} INFO - Processing file /opt/airflow/dags/retail_etl_dag.py for tasks to queue
[2026-05-13T18:16:29.298+0000] {logging_mixin.py:188} INFO - [2026-05-13T18:16:29.294+0000] {dagbag.py:545} INFO - Filling up the DagBag from /opt/airflow/dags/retail_etl_dag.py
[2026-05-13T18:16:29.400+0000] {processor.py:840} INFO - DAG(s) 'retail_pipeline' retrieved from /opt/airflow/dags/retail_etl_dag.py
[2026-05-13T18:16:29.635+0000] {logging_mixin.py:188} INFO - [2026-05-13T18:16:29.635+0000] {dag.py:3096} INFO - Sync 1 DAGs
[2026-05-13T18:16:29.769+0000] {logging_mixin.py:188} INFO - [2026-05-13T18:16:29.769+0000] {dag.py:3954} INFO - Setting next_dagrun for retail_pipeline to 2026-05-13 00:00:00+00:00, run_after=2026-05-14 00:00:00+00:00
[2026-05-13T18:16:29.853+0000] {processor.py:183} INFO - Processing /opt/airflow/dags/retail_etl_dag.py took 0.670 seconds
[2026-05-13T18:17:00.018+0000] {processor.py:161} INFO - Started process (PID=195) to work on /opt/airflow/dags/retail_etl_dag.py
[2026-05-13T18:17:00.019+0000] {processor.py:830} INFO - Processing file /opt/airflow/dags/retail_etl_dag.py for tasks to queue
[2026-05-13T18:17:00.024+0000] {logging_mixin.py:188} INFO - [2026-05-13T18:17:00.022+0000] {dagbag.py:545} INFO - Filling up the DagBag from /opt/airflow/dags/retail_etl_dag.py
[2026-05-13T18:17:00.054+0000] {processor.py:840} INFO - DAG(s) 'retail_pipeline' retrieved from /opt/airflow/dags/retail_etl_dag.py
[2026-05-13T18:17:00.098+0000] {logging_mixin.py:188} INFO - [2026-05-13T18:17:00.098+0000] {dag.py:3096} INFO - Sync 1 DAGs
[2026-05-13T18:17:00.130+0000] {logging_mixin.py:188} INFO - [2026-05-13T18:17:00.130+0000] {dag.py:3954} INFO - Setting next_dagrun for retail_pipeline to 2026-05-13 00:00:00+00:00, run_after=2026-05-14 00:00:00+00:00
[2026-05-13T18:17:00.157+0000] {processor.py:183} INFO - Processing /opt/airflow/dags/retail_etl_dag.py took 0.149 seconds
[2026-05-13T18:17:30.482+0000] {processor.py:161} INFO - Started process (PID=196) to work on /opt/airflow/dags/retail_etl_dag.py
[2026-05-13T18:17:30.483+0000] {processor.py:830} INFO - Processing file /opt/airflow/dags/retail_etl_dag.py for tasks to queue
[2026-05-13T18:17:30.486+0000] {logging_mixin.py:188} INFO - [2026-05-13T18:17:30.485+0000] {dagbag.py:545} INFO - Filling up the DagBag from /opt/airflow/dags/retail_etl_dag.py
[2026-05-13T18:17:30.513+0000] {processor.py:840} INFO - DAG(s) 'retail_pipeline' retrieved from /opt/airflow/dags/retail_etl_dag.py
[2026-05-13T18:17:30.550+0000] {logging_mixin.py:188} INFO - [2026-05-13T18:17:30.550+0000] {dag.py:3096} INFO - Sync 1 DAGs
[2026-05-13T18:17:30.584+0000] {logging_mixin.py:188} INFO - [2026-05-13T18:17:30.584+0000] {dag.py:3954} INFO - Setting next_dagrun for retail_pipeline to 2026-05-13 00:00:00+00:00, run_after=2026-05-14 00:00:00+00:00
[2026-05-13T18:17:30.609+0000] {processor.py:183} INFO - Processing /opt/airflow/dags/retail_etl_dag.py took 0.136 seconds
[2026-05-13T18:18:01.186+0000] {processor.py:161} INFO - Started process (PID=205) to work on /opt/airflow/dags/retail_etl_dag.py
[2026-05-13T18:18:01.198+0000] {processor.py:830} INFO - Processing file /opt/airflow/dags/retail_etl_dag.py for tasks to queue
[2026-05-13T18:18:01.219+0000] {logging_mixin.py:188} INFO - [2026-05-13T18:18:01.218+0000] {dagbag.py:545} INFO - Filling up the DagBag from /opt/airflow/dags/retail_etl_dag.py
[2026-05-13T18:18:01.319+0000] {processor.py:840} INFO - DAG(s) 'retail_pipeline' retrieved from /opt/airflow/dags/retail_etl_dag.py
[2026-05-13T18:18:01.452+0000] {logging_mixin.py:188} INFO - [2026-05-13T18:18:01.451+0000] {dag.py:3096} INFO - Sync 1 DAGs
[2026-05-13T18:18:01.542+0000] {logging_mixin.py:188} INFO - [2026-05-13T18:18:01.540+0000] {dag.py:3954} INFO - Setting next_dagrun for retail_pipeline to 2026-05-13 00:00:00+00:00, run_after=2026-05-14 00:00:00+00:00
[2026-05-13T18:18:01.580+0000] {processor.py:183} INFO - Processing /opt/airflow/dags/retail_etl_dag.py took 0.449 seconds
[2026-05-13T18:18:32.081+0000] {processor.py:161} INFO - Started process (PID=206) to work on /opt/airflow/dags/retail_etl_dag.py
[2026-05-13T18:18:32.082+0000] {processor.py:830} INFO - Processing file /opt/airflow/dags/retail_etl_dag.py for tasks to queue
[2026-05-13T18:18:32.085+0000] {logging_mixin.py:188} INFO - [2026-05-13T18:18:32.085+0000] {dagbag.py:545} INFO - Filling up the DagBag from /opt/airflow/dags/retail_etl_dag.py
[2026-05-13T18:18:32.119+0000] {processor.py:840} INFO - DAG(s) 'retail_pipeline' retrieved from /opt/airflow/dags/retail_etl_dag.py
[2026-05-13T18:18:32.167+0000] {logging_mixin.py:188} INFO - [2026-05-13T18:18:32.167+0000] {dag.py:3096} INFO - Sync 1 DAGs
[2026-05-13T18:18:32.203+0000] {logging_mixin.py:188} INFO - [2026-05-13T18:18:32.203+0000] {dag.py:3954} INFO - Setting next_dagrun for retail_pipeline to 2026-05-13 00:00:00+00:00, run_after=2026-05-14 00:00:00+00:00
[2026-05-13T18:18:32.235+0000] {processor.py:183} INFO - Processing /opt/airflow/dags/retail_etl_dag.py took 0.165 seconds
[2026-05-13T18:19:02.509+0000] {processor.py:161} INFO - Started process (PID=207) to work on /opt/airflow/dags/retail_etl_dag.py
[2026-05-13T18:19:02.510+0000] {processor.py:830} INFO - Processing file /opt/airflow/dags/retail_etl_dag.py for tasks to queue
[2026-05-13T18:19:02.512+0000] {logging_mixin.py:188} INFO - [2026-05-13T18:19:02.512+0000] {dagbag.py:545} INFO - Filling up the DagBag from /opt/airflow/dags/retail_etl_dag.py
[2026-05-13T18:19:02.539+0000] {processor.py:840} INFO - DAG(s) 'retail_pipeline' retrieved from /opt/airflow/dags/retail_etl_dag.py
[2026-05-13T18:19:02.575+0000] {logging_mixin.py:188} INFO - [2026-05-13T18:19:02.575+0000] {dag.py:3096} INFO - Sync 1 DAGs
[2026-05-13T18:19:02.625+0000] {logging_mixin.py:188} INFO - [2026-05-13T18:19:02.625+0000] {dag.py:3954} INFO - Setting next_dagrun for retail_pipeline to 2026-05-13 00:00:00+00:00, run_after=2026-05-14 00:00:00+00:00
[2026-05-13T18:19:02.665+0000] {processor.py:183} INFO - Processing /opt/airflow/dags/retail_etl_dag.py took 0.164 seconds
[2026-05-13T18:19:32.989+0000] {processor.py:161} INFO - Started process (PID=208) to work on /opt/airflow/dags/retail_etl_dag.py
[2026-05-13T18:19:32.990+0000] {processor.py:830} INFO - Processing file /opt/airflow/dags/retail_etl_dag.py for tasks to queue
[2026-05-13T18:19:32.992+0000] {logging_mixin.py:188} INFO - [2026-05-13T18:19:32.992+0000] {dagbag.py:545} INFO - Filling up the DagBag from /opt/airflow/dags/retail_etl_dag.py
[2026-05-13T18:19:33.022+0000] {processor.py:840} INFO - DAG(s) 'retail_pipeline' retrieved from /opt/airflow/dags/retail_etl_dag.py
[2026-05-13T18:19:33.059+0000] {logging_mixin.py:188} INFO - [2026-05-13T18:19:33.059+0000] {dag.py:3096} INFO - Sync 1 DAGs
[2026-05-13T18:19:33.088+0000] {logging_mixin.py:188} INFO - [2026-05-13T18:19:33.087+0000] {dag.py:3954} INFO - Setting next_dagrun for retail_pipeline to 2026-05-13 00:00:00+00:00, run_after=2026-05-14 00:00:00+00:00
[2026-05-13T18:19:33.111+0000] {processor.py:183} INFO - Processing /opt/airflow/dags/retail_etl_dag.py took 0.129 seconds
[2026-05-13T18:20:03.619+0000] {processor.py:161} INFO - Started process (PID=209) to work on /opt/airflow/dags/retail_etl_dag.py
[2026-05-13T18:20:03.621+0000] {processor.py:830} INFO - Processing file /opt/airflow/dags/retail_etl_dag.py for tasks to queue
[2026-05-13T18:20:03.625+0000] {logging_mixin.py:188} INFO - [2026-05-13T18:20:03.624+0000] {dagbag.py:545} INFO - Filling up the DagBag from /opt/airflow/dags/retail_etl_dag.py
[2026-05-13T18:20:03.663+0000] {processor.py:840} INFO - DAG(s) 'retail_pipeline' retrieved from /opt/airflow/dags/retail_etl_dag.py
[2026-05-13T18:20:03.713+0000] {logging_mixin.py:188} INFO - [2026-05-13T18:20:03.713+0000] {dag.py:3096} INFO - Sync 1 DAGs
[2026-05-13T18:20:03.753+0000] {logging_mixin.py:188} INFO - [2026-05-13T18:20:03.753+0000] {dag.py:3954} INFO - Setting next_dagrun for retail_pipeline to 2026-05-13 00:00:00+00:00, run_after=2026-05-14 00:00:00+00:00
[2026-05-13T18:20:03.785+0000] {processor.py:183} INFO - Processing /opt/airflow/dags/retail_etl_dag.py took 0.178 seconds
[2026-05-13T18:20:34.116+0000] {processor.py:161} INFO - Started process (PID=210) to work on /opt/airflow/dags/retail_etl_dag.py
[2026-05-13T18:20:34.118+0000] {processor.py:830} INFO - Processing file /opt/airflow/dags/retail_etl_dag.py for tasks to queue
[2026-05-13T18:20:34.121+0000] {logging_mixin.py:188} INFO - [2026-05-13T18:20:34.121+0000] {dagbag.py:545} INFO - Filling up the DagBag from /opt/airflow/dags/retail_etl_dag.py
[2026-05-13T18:20:34.150+0000] {processor.py:840} INFO - DAG(s) 'retail_pipeline' retrieved from /opt/airflow/dags/retail_etl_dag.py
[2026-05-13T18:20:34.187+0000] {logging_mixin.py:188} INFO - [2026-05-13T18:20:34.186+0000] {dag.py:3096} INFO - Sync 1 DAGs
[2026-05-13T18:20:34.215+0000] {logging_mixin.py:188} INFO - [2026-05-13T18:20:34.214+0000] {dag.py:3954} INFO - Setting next_dagrun for retail_pipeline to 2026-05-13 00:00:00+00:00, run_after=2026-05-14 00:00:00+00:00
[2026-05-13T18:20:34.240+0000] {processor.py:183} INFO - Processing /opt/airflow/dags/retail_etl_dag.py took 0.132 seconds
[2026-05-13T18:21:04.659+0000] {processor.py:161} INFO - Started process (PID=211) to work on /opt/airflow/dags/retail_etl_dag.py
[2026-05-13T18:21:04.661+0000] {processor.py:830} INFO - Processing file /opt/airflow/dags/retail_etl_dag.py for tasks to queue
[2026-05-13T18:21:04.666+0000] {logging_mixin.py:188} INFO - [2026-05-13T18:21:04.665+0000] {dagbag.py:545} INFO - Filling up the DagBag from /opt/airflow/dags/retail_etl_dag.py
[2026-05-13T18:21:04.694+0000] {processor.py:840} INFO - DAG(s) 'retail_pipeline' retrieved from /opt/airflow/dags/retail_etl_dag.py
[2026-05-13T18:21:04.734+0000] {logging_mixin.py:188} INFO - [2026-05-13T18:21:04.734+0000] {dag.py:3096} INFO - Sync 1 DAGs
[2026-05-13T18:21:04.766+0000] {logging_mixin.py:188} INFO - [2026-05-13T18:21:04.766+0000] {dag.py:3954} INFO - Setting next_dagrun for retail_pipeline to 2026-05-13 00:00:00+00:00, run_after=2026-05-14 00:00:00+00:00
[2026-05-13T18:21:04.790+0000] {processor.py:183} INFO - Processing /opt/airflow/dags/retail_etl_dag.py took 0.144 seconds
[2026-05-13T18:21:40.988+0000] {processor.py:161} INFO - Started process (PID=26) to work on /opt/airflow/dags/retail_etl_dag.py
[2026-05-13T18:21:40.990+0000] {processor.py:830} INFO - Processing file /opt/airflow/dags/retail_etl_dag.py for tasks to queue
[2026-05-13T18:21:40.994+0000] {logging_mixin.py:188} INFO - [2026-05-13T18:21:40.993+0000] {dagbag.py:545} INFO - Filling up the DagBag from /opt/airflow/dags/retail_etl_dag.py
[2026-05-13T18:21:41.035+0000] {processor.py:840} INFO - DAG(s) 'retail_pipeline' retrieved from /opt/airflow/dags/retail_etl_dag.py
[2026-05-13T18:21:41.114+0000] {logging_mixin.py:188} INFO - [2026-05-13T18:21:41.114+0000] {dag.py:3096} INFO - Sync 1 DAGs
[2026-05-13T18:21:41.165+0000] {logging_mixin.py:188} INFO - [2026-05-13T18:21:41.164+0000] {dag.py:3954} INFO - Setting next_dagrun for retail_pipeline to 2026-05-13 00:00:00+00:00, run_after=2026-05-14 00:00:00+00:00
[2026-05-13T18:21:41.204+0000] {processor.py:183} INFO - Processing /opt/airflow/dags/retail_etl_dag.py took 0.227 seconds
[2026-05-13T18:22:11.813+0000] {processor.py:161} INFO - Started process (PID=27) to work on /opt/airflow/dags/retail_etl_dag.py
[2026-05-13T18:22:11.815+0000] {processor.py:830} INFO - Processing file /opt/airflow/dags/retail_etl_dag.py for tasks to queue
[2026-05-13T18:22:11.817+0000] {logging_mixin.py:188} INFO - [2026-05-13T18:22:11.816+0000] {dagbag.py:545} INFO - Filling up the DagBag from /opt/airflow/dags/retail_etl_dag.py
[2026-05-13T18:22:11.847+0000] {processor.py:840} INFO - DAG(s) 'retail_pipeline' retrieved from /opt/airflow/dags/retail_etl_dag.py
[2026-05-13T18:22:11.891+0000] {logging_mixin.py:188} INFO - [2026-05-13T18:22:11.891+0000] {dag.py:3096} INFO - Sync 1 DAGs
[2026-05-13T18:22:11.924+0000] {logging_mixin.py:188} INFO - [2026-05-13T18:22:11.924+0000] {dag.py:3954} INFO - Setting next_dagrun for retail_pipeline to 2026-05-13 00:00:00+00:00, run_after=2026-05-14 00:00:00+00:00
[2026-05-13T18:22:11.953+0000] {processor.py:183} INFO - Processing /opt/airflow/dags/retail_etl_dag.py took 0.147 seconds
[2026-05-13T18:22:42.463+0000] {processor.py:161} INFO - Started process (PID=64) to work on /opt/airflow/dags/retail_etl_dag.py
[2026-05-13T18:22:42.465+0000] {processor.py:830} INFO - Processing file /opt/airflow/dags/retail_etl_dag.py for tasks to queue
[2026-05-13T18:22:42.468+0000] {logging_mixin.py:188} INFO - [2026-05-13T18:22:42.468+0000] {dagbag.py:545} INFO - Filling up the DagBag from /opt/airflow/dags/retail_etl_dag.py
[2026-05-13T18:22:42.506+0000] {processor.py:840} INFO - DAG(s) 'retail_pipeline' retrieved from /opt/airflow/dags/retail_etl_dag.py
[2026-05-13T18:22:42.572+0000] {logging_mixin.py:188} INFO - [2026-05-13T18:22:42.571+0000] {dag.py:3096} INFO - Sync 1 DAGs
[2026-05-13T18:22:42.624+0000] {logging_mixin.py:188} INFO - [2026-05-13T18:22:42.623+0000] {dag.py:3954} INFO - Setting next_dagrun for retail_pipeline to 2026-05-13 00:00:00+00:00, run_after=2026-05-14 00:00:00+00:00
[2026-05-13T18:22:42.659+0000] {processor.py:183} INFO - Processing /opt/airflow/dags/retail_etl_dag.py took 0.207 seconds
[2026-05-13T18:23:12.983+0000] {processor.py:161} INFO - Started process (PID=65) to work on /opt/airflow/dags/retail_etl_dag.py
[2026-05-13T18:23:12.985+0000] {processor.py:830} INFO - Processing file /opt/airflow/dags/retail_etl_dag.py for tasks to queue
[2026-05-13T18:23:12.988+0000] {logging_mixin.py:188} INFO - [2026-05-13T18:23:12.987+0000] {dagbag.py:545} INFO - Filling up the DagBag from /opt/airflow/dags/retail_etl_dag.py
[2026-05-13T18:23:13.015+0000] {processor.py:840} INFO - DAG(s) 'retail_pipeline' retrieved from /opt/airflow/dags/retail_etl_dag.py
[2026-05-13T18:23:13.069+0000] {logging_mixin.py:188} INFO - [2026-05-13T18:23:13.069+0000] {dag.py:3096} INFO - Sync 1 DAGs
[2026-05-13T18:23:13.098+0000] {logging_mixin.py:188} INFO - [2026-05-13T18:23:13.098+0000] {dag.py:3954} INFO - Setting next_dagrun for retail_pipeline to 2026-05-13 00:00:00+00:00, run_after=2026-05-14 00:00:00+00:00
[2026-05-13T18:23:13.128+0000] {processor.py:183} INFO - Processing /opt/airflow/dags/retail_etl_dag.py took 0.154 seconds
[2026-05-13T18:23:43.415+0000] {processor.py:161} INFO - Started process (PID=66) to work on /opt/airflow/dags/retail_etl_dag.py
[2026-05-13T18:23:43.416+0000] {processor.py:830} INFO - Processing file /opt/airflow/dags/retail_etl_dag.py for tasks to queue
[2026-05-13T18:23:43.419+0000] {logging_mixin.py:188} INFO - [2026-05-13T18:23:43.418+0000] {dagbag.py:545} INFO - Filling up the DagBag from /opt/airflow/dags/retail_etl_dag.py
[2026-05-13T18:23:43.448+0000] {processor.py:840} INFO - DAG(s) 'retail_pipeline' retrieved from /opt/airflow/dags/retail_etl_dag.py
[2026-05-13T18:23:43.490+0000] {logging_mixin.py:188} INFO - [2026-05-13T18:23:43.490+0000] {dag.py:3096} INFO - Sync 1 DAGs
[2026-05-13T18:23:43.519+0000] {logging_mixin.py:188} INFO - [2026-05-13T18:23:43.519+0000] {dag.py:3954} INFO - Setting next_dagrun for retail_pipeline to 2026-05-13 00:00:00+00:00, run_after=2026-05-14 00:00:00+00:00
[2026-05-13T18:23:43.545+0000] {processor.py:183} INFO - Processing /opt/airflow/dags/retail_etl_dag.py took 0.140 seconds
[2026-05-13T18:24:14.084+0000] {processor.py:161} INFO - Started process (PID=67) to work on /opt/airflow/dags/retail_etl_dag.py
[2026-05-13T18:24:14.085+0000] {processor.py:830} INFO - Processing file /opt/airflow/dags/retail_etl_dag.py for tasks to queue
[2026-05-13T18:24:14.088+0000] {logging_mixin.py:188} INFO - [2026-05-13T18:24:14.087+0000] {dagbag.py:545} INFO - Filling up the DagBag from /opt/airflow/dags/retail_etl_dag.py
[2026-05-13T18:24:14.116+0000] {processor.py:840} INFO - DAG(s) 'retail_pipeline' retrieved from /opt/airflow/dags/retail_etl_dag.py
[2026-05-13T18:24:14.152+0000] {logging_mixin.py:188} INFO - [2026-05-13T18:24:14.151+0000] {dag.py:3096} INFO - Sync 1 DAGs
[2026-05-13T18:24:14.178+0000] {logging_mixin.py:188} INFO - [2026-05-13T18:24:14.177+0000] {dag.py:3954} INFO - Setting next_dagrun for retail_pipeline to 2026-05-13 00:00:00+00:00, run_after=2026-05-14 00:00:00+00:00
[2026-05-13T18:24:14.205+0000] {processor.py:183} INFO - Processing /opt/airflow/dags/retail_etl_dag.py took 0.129 seconds
[2026-05-13T18:24:44.626+0000] {processor.py:161} INFO - Started process (PID=68) to work on /opt/airflow/dags/retail_etl_dag.py
[2026-05-13T18:24:44.628+0000] {processor.py:830} INFO - Processing file /opt/airflow/dags/retail_etl_dag.py for tasks to queue
[2026-05-13T18:24:44.633+0000] {logging_mixin.py:188} INFO - [2026-05-13T18:24:44.633+0000] {dagbag.py:545} INFO - Filling up the DagBag from /opt/airflow/dags/retail_etl_dag.py
[2026-05-13T18:24:44.664+0000] {processor.py:840} INFO - DAG(s) 'retail_pipeline' retrieved from /opt/airflow/dags/retail_etl_dag.py
[2026-05-13T18:24:44.715+0000] {logging_mixin.py:188} INFO - [2026-05-13T18:24:44.715+0000] {dag.py:3096} INFO - Sync 1 DAGs
[2026-05-13T18:24:44.747+0000] {logging_mixin.py:188} INFO - [2026-05-13T18:24:44.746+0000] {dag.py:3954} INFO - Setting next_dagrun for retail_pipeline to 2026-05-13 00:00:00+00:00, run_after=2026-05-14 00:00:00+00:00
[2026-05-13T18:24:44.773+0000] {processor.py:183} INFO - Processing /opt/airflow/dags/retail_etl_dag.py took 0.165 seconds
[2026-05-13T18:25:15.159+0000] {processor.py:161} INFO - Started process (PID=69) to work on /opt/airflow/dags/retail_etl_dag.py
[2026-05-13T18:25:15.160+0000] {processor.py:830} INFO - Processing file /opt/airflow/dags/retail_etl_dag.py for tasks to queue
[2026-05-13T18:25:15.163+0000] {logging_mixin.py:188} INFO - [2026-05-13T18:25:15.162+0000] {dagbag.py:545} INFO - Filling up the DagBag from /opt/airflow/dags/retail_etl_dag.py
[2026-05-13T18:25:15.189+0000] {processor.py:840} INFO - DAG(s) 'retail_pipeline' retrieved from /opt/airflow/dags/retail_etl_dag.py
[2026-05-13T18:25:15.225+0000] {logging_mixin.py:188} INFO - [2026-05-13T18:25:15.224+0000] {dag.py:3096} INFO - Sync 1 DAGs
[2026-05-13T18:25:15.253+0000] {logging_mixin.py:188} INFO - [2026-05-13T18:25:15.252+0000] {dag.py:3954} INFO - Setting next_dagrun for retail_pipeline to 2026-05-13 00:00:00+00:00, run_after=2026-05-14 00:00:00+00:00
[2026-05-13T18:25:15.277+0000] {processor.py:183} INFO - Processing /opt/airflow/dags/retail_etl_dag.py took 0.125 seconds
[2026-05-13T18:26:15.120+0000] {processor.py:161} INFO - Started process (PID=25) to work on /opt/airflow/dags/retail_etl_dag.py
[2026-05-13T18:26:15.128+0000] {processor.py:830} INFO - Processing file /opt/airflow/dags/retail_etl_dag.py for tasks to queue
[2026-05-13T18:26:15.146+0000] {logging_mixin.py:188} INFO - [2026-05-13T18:26:15.143+0000] {dagbag.py:545} INFO - Filling up the DagBag from /opt/airflow/dags/retail_etl_dag.py
[2026-05-13T18:26:15.312+0000] {processor.py:840} INFO - DAG(s) 'retail_pipeline' retrieved from /opt/airflow/dags/retail_etl_dag.py
[2026-05-13T18:26:16.507+0000] {logging_mixin.py:188} INFO - [2026-05-13T18:26:16.505+0000] {override.py:1829} INFO - Created Permission View: can read on DAG:retail_pipeline
[2026-05-13T18:26:16.541+0000] {logging_mixin.py:188} INFO - [2026-05-13T18:26:16.540+0000] {override.py:1829} INFO - Created Permission View: can edit on DAG:retail_pipeline
[2026-05-13T18:26:16.566+0000] {logging_mixin.py:188} INFO - [2026-05-13T18:26:16.565+0000] {override.py:1829} INFO - Created Permission View: can delete on DAG:retail_pipeline
[2026-05-13T18:26:16.570+0000] {logging_mixin.py:188} INFO - [2026-05-13T18:26:16.569+0000] {dag.py:3096} INFO - Sync 1 DAGs
[2026-05-13T18:26:16.631+0000] {logging_mixin.py:188} INFO - [2026-05-13T18:26:16.630+0000] {dag.py:3118} INFO - Creating ORM DAG for retail_pipeline
[2026-05-13T18:26:16.687+0000] {logging_mixin.py:188} INFO - [2026-05-13T18:26:16.687+0000] {dag.py:3954} INFO - Setting next_dagrun for retail_pipeline to 2026-05-12 00:00:00+00:00, run_after=2026-05-13 00:00:00+00:00
[2026-05-13T18:26:16.761+0000] {processor.py:183} INFO - Processing /opt/airflow/dags/retail_etl_dag.py took 1.666 seconds
[2026-05-13T18:26:47.000+0000] {processor.py:161} INFO - Started process (PID=26) to work on /opt/airflow/dags/retail_etl_dag.py
[2026-05-13T18:26:47.006+0000] {processor.py:830} INFO - Processing file /opt/airflow/dags/retail_etl_dag.py for tasks to queue
[2026-05-13T18:26:47.012+0000] {logging_mixin.py:188} INFO - [2026-05-13T18:26:47.011+0000] {dagbag.py:545} INFO - Filling up the DagBag from /opt/airflow/dags/retail_etl_dag.py
[2026-05-13T18:26:47.075+0000] {processor.py:840} INFO - DAG(s) 'retail_pipeline' retrieved from /opt/airflow/dags/retail_etl_dag.py
[2026-05-13T18:26:47.170+0000] {logging_mixin.py:188} INFO - [2026-05-13T18:26:47.169+0000] {dag.py:3096} INFO - Sync 1 DAGs
[2026-05-13T18:26:47.245+0000] {logging_mixin.py:188} INFO - [2026-05-13T18:26:47.244+0000] {dag.py:3954} INFO - Setting next_dagrun for retail_pipeline to 2026-05-12 00:00:00+00:00, run_after=2026-05-13 00:00:00+00:00
[2026-05-13T18:26:47.304+0000] {processor.py:183} INFO - Processing /opt/airflow/dags/retail_etl_dag.py took 0.323 seconds
[2026-05-13T18:27:17.561+0000] {processor.py:161} INFO - Started process (PID=27) to work on /opt/airflow/dags/retail_etl_dag.py
[2026-05-13T18:27:17.563+0000] {processor.py:830} INFO - Processing file /opt/airflow/dags/retail_etl_dag.py for tasks to queue
[2026-05-13T18:27:17.565+0000] {logging_mixin.py:188} INFO - [2026-05-13T18:27:17.565+0000] {dagbag.py:545} INFO - Filling up the DagBag from /opt/airflow/dags/retail_etl_dag.py
[2026-05-13T18:27:17.595+0000] {processor.py:840} INFO - DAG(s) 'retail_pipeline' retrieved from /opt/airflow/dags/retail_etl_dag.py
[2026-05-13T18:27:17.638+0000] {logging_mixin.py:188} INFO - [2026-05-13T18:27:17.638+0000] {dag.py:3096} INFO - Sync 1 DAGs
[2026-05-13T18:27:17.675+0000] {logging_mixin.py:188} INFO - [2026-05-13T18:27:17.675+0000] {dag.py:3954} INFO - Setting next_dagrun for retail_pipeline to 2026-05-12 00:00:00+00:00, run_after=2026-05-13 00:00:00+00:00
[2026-05-13T18:27:17.718+0000] {processor.py:183} INFO - Processing /opt/airflow/dags/retail_etl_dag.py took 0.165 seconds
[2026-05-13T18:27:48.116+0000] {processor.py:161} INFO - Started process (PID=28) to work on /opt/airflow/dags/retail_etl_dag.py
[2026-05-13T18:27:48.123+0000] {processor.py:830} INFO - Processing file /opt/airflow/dags/retail_etl_dag.py for tasks to queue
[2026-05-13T18:27:48.130+0000] {logging_mixin.py:188} INFO - [2026-05-13T18:27:48.129+0000] {dagbag.py:545} INFO - Filling up the DagBag from /opt/airflow/dags/retail_etl_dag.py
[2026-05-13T18:27:48.194+0000] {processor.py:840} INFO - DAG(s) 'retail_pipeline' retrieved from /opt/airflow/dags/retail_etl_dag.py
[2026-05-13T18:27:48.269+0000] {logging_mixin.py:188} INFO - [2026-05-13T18:27:48.269+0000] {dag.py:3096} INFO - Sync 1 DAGs
[2026-05-13T18:27:48.337+0000] {logging_mixin.py:188} INFO - [2026-05-13T18:27:48.336+0000] {dag.py:3954} INFO - Setting next_dagrun for retail_pipeline to 2026-05-12 00:00:00+00:00, run_after=2026-05-13 00:00:00+00:00
[2026-05-13T18:27:48.379+0000] {processor.py:183} INFO - Processing /opt/airflow/dags/retail_etl_dag.py took 0.290 seconds
[2026-05-13T18:28:19.128+0000] {processor.py:161} INFO - Started process (PID=47) to work on /opt/airflow/dags/retail_etl_dag.py
[2026-05-13T18:28:19.130+0000] {processor.py:830} INFO - Processing file /opt/airflow/dags/retail_etl_dag.py for tasks to queue
[2026-05-13T18:28:19.139+0000] {logging_mixin.py:188} INFO - [2026-05-13T18:28:19.133+0000] {dagbag.py:545} INFO - Filling up the DagBag from /opt/airflow/dags/retail_etl_dag.py
[2026-05-13T18:28:19.201+0000] {processor.py:840} INFO - DAG(s) 'retail_pipeline' retrieved from /opt/airflow/dags/retail_etl_dag.py
[2026-05-13T18:28:19.254+0000] {logging_mixin.py:188} INFO - [2026-05-13T18:28:19.253+0000] {dag.py:3096} INFO - Sync 1 DAGs
[2026-05-13T18:28:19.299+0000] {logging_mixin.py:188} INFO - [2026-05-13T18:28:19.298+0000] {dag.py:3954} INFO - Setting next_dagrun for retail_pipeline to 2026-05-13 00:00:00+00:00, run_after=2026-05-14 00:00:00+00:00
[2026-05-13T18:28:19.331+0000] {processor.py:183} INFO - Processing /opt/airflow/dags/retail_etl_dag.py took 0.222 seconds
[2026-05-13T18:28:49.666+0000] {processor.py:161} INFO - Started process (PID=102) to work on /opt/airflow/dags/retail_etl_dag.py
[2026-05-13T18:28:49.668+0000] {processor.py:830} INFO - Processing file /opt/airflow/dags/retail_etl_dag.py for tasks to queue
[2026-05-13T18:28:49.671+0000] {logging_mixin.py:188} INFO - [2026-05-13T18:28:49.670+0000] {dagbag.py:545} INFO - Filling up the DagBag from /opt/airflow/dags/retail_etl_dag.py
[2026-05-13T18:28:49.706+0000] {processor.py:840} INFO - DAG(s) 'retail_pipeline' retrieved from /opt/airflow/dags/retail_etl_dag.py
[2026-05-13T18:28:49.759+0000] {logging_mixin.py:188} INFO - [2026-05-13T18:28:49.759+0000] {dag.py:3096} INFO - Sync 1 DAGs
[2026-05-13T18:28:49.804+0000] {logging_mixin.py:188} INFO - [2026-05-13T18:28:49.803+0000] {dag.py:3954} INFO - Setting next_dagrun for retail_pipeline to 2026-05-13 00:00:00+00:00, run_after=2026-05-14 00:00:00+00:00
[2026-05-13T18:28:49.840+0000] {processor.py:183} INFO - Processing /opt/airflow/dags/retail_etl_dag.py took 0.182 seconds
[2026-05-13T18:29:20.348+0000] {processor.py:161} INFO - Started process (PID=103) to work on /opt/airflow/dags/retail_etl_dag.py
[2026-05-13T18:29:20.351+0000] {processor.py:830} INFO - Processing file /opt/airflow/dags/retail_etl_dag.py for tasks to queue
[2026-05-13T18:29:20.356+0000] {logging_mixin.py:188} INFO - [2026-05-13T18:29:20.354+0000] {dagbag.py:545} INFO - Filling up the DagBag from /opt/airflow/dags/retail_etl_dag.py
[2026-05-13T18:29:20.397+0000] {processor.py:840} INFO - DAG(s) 'retail_pipeline' retrieved from /opt/airflow/dags/retail_etl_dag.py
[2026-05-13T18:29:20.449+0000] {logging_mixin.py:188} INFO - [2026-05-13T18:29:20.449+0000] {dag.py:3096} INFO - Sync 1 DAGs
[2026-05-13T18:29:20.485+0000] {logging_mixin.py:188} INFO - [2026-05-13T18:29:20.484+0000] {dag.py:3954} INFO - Setting next_dagrun for retail_pipeline to 2026-05-13 00:00:00+00:00, run_after=2026-05-14 00:00:00+00:00
[2026-05-13T18:29:20.516+0000] {processor.py:183} INFO - Processing /opt/airflow/dags/retail_etl_dag.py took 0.183 seconds
[2026-05-13T18:29:50.877+0000] {processor.py:161} INFO - Started process (PID=104) to work on /opt/airflow/dags/retail_etl_dag.py
[2026-05-13T18:29:50.880+0000] {processor.py:830} INFO - Processing file /opt/airflow/dags/retail_etl_dag.py for tasks to queue
[2026-05-13T18:29:50.896+0000] {logging_mixin.py:188} INFO - [2026-05-13T18:29:50.895+0000] {dagbag.py:545} INFO - Filling up the DagBag from /opt/airflow/dags/retail_etl_dag.py
[2026-05-13T18:29:50.968+0000] {processor.py:840} INFO - DAG(s) 'retail_pipeline' retrieved from /opt/airflow/dags/retail_etl_dag.py
[2026-05-13T18:29:51.051+0000] {logging_mixin.py:188} INFO - [2026-05-13T18:29:51.050+0000] {dag.py:3096} INFO - Sync 1 DAGs
[2026-05-13T18:29:51.139+0000] {logging_mixin.py:188} INFO - [2026-05-13T18:29:51.139+0000] {dag.py:3954} INFO - Setting next_dagrun for retail_pipeline to 2026-05-13 00:00:00+00:00, run_after=2026-05-14 00:00:00+00:00
[2026-05-13T18:29:51.199+0000] {processor.py:183} INFO - Processing /opt/airflow/dags/retail_etl_dag.py took 0.360 seconds
[2026-05-13T18:30:21.573+0000] {processor.py:161} INFO - Started process (PID=105) to work on /opt/airflow/dags/retail_etl_dag.py
[2026-05-13T18:30:21.575+0000] {processor.py:830} INFO - Processing file /opt/airflow/dags/retail_etl_dag.py for tasks to queue
[2026-05-13T18:30:21.583+0000] {logging_mixin.py:188} INFO - [2026-05-13T18:30:21.582+0000] {dagbag.py:545} INFO - Filling up the DagBag from /opt/airflow/dags/retail_etl_dag.py
[2026-05-13T18:30:21.626+0000] {processor.py:840} INFO - DAG(s) 'retail_pipeline' retrieved from /opt/airflow/dags/retail_etl_dag.py
[2026-05-13T18:30:21.684+0000] {logging_mixin.py:188} INFO - [2026-05-13T18:30:21.683+0000] {dag.py:3096} INFO - Sync 1 DAGs
[2026-05-13T18:30:21.726+0000] {logging_mixin.py:188} INFO - [2026-05-13T18:30:21.725+0000] {dag.py:3954} INFO - Setting next_dagrun for retail_pipeline to 2026-05-13 00:00:00+00:00, run_after=2026-05-14 00:00:00+00:00
[2026-05-13T18:30:21.763+0000] {processor.py:183} INFO - Processing /opt/airflow/dags/retail_etl_dag.py took 0.242 seconds
[2026-05-13T18:30:52.175+0000] {processor.py:161} INFO - Started process (PID=106) to work on /opt/airflow/dags/retail_etl_dag.py
[2026-05-13T18:30:52.176+0000] {processor.py:830} INFO - Processing file /opt/airflow/dags/retail_etl_dag.py for tasks to queue
[2026-05-13T18:30:52.179+0000] {logging_mixin.py:188} INFO - [2026-05-13T18:30:52.178+0000] {dagbag.py:545} INFO - Filling up the DagBag from /opt/airflow/dags/retail_etl_dag.py
[2026-05-13T18:30:52.215+0000] {processor.py:840} INFO - DAG(s) 'retail_pipeline' retrieved from /opt/airflow/dags/retail_etl_dag.py
[2026-05-13T18:30:52.257+0000] {logging_mixin.py:188} INFO - [2026-05-13T18:30:52.257+0000] {dag.py:3096} INFO - Sync 1 DAGs
[2026-05-13T18:30:52.289+0000] {logging_mixin.py:188} INFO - [2026-05-13T18:30:52.289+0000] {dag.py:3954} INFO - Setting next_dagrun for retail_pipeline to 2026-05-13 00:00:00+00:00, run_after=2026-05-14 00:00:00+00:00
[2026-05-13T18:30:52.323+0000] {processor.py:183} INFO - Processing /opt/airflow/dags/retail_etl_dag.py took 0.158 seconds
[2026-05-13T18:31:22.747+0000] {processor.py:161} INFO - Started process (PID=107) to work on /opt/airflow/dags/retail_etl_dag.py
[2026-05-13T18:31:22.748+0000] {processor.py:830} INFO - Processing file /opt/airflow/dags/retail_etl_dag.py for tasks to queue
[2026-05-13T18:31:22.751+0000] {logging_mixin.py:188} INFO - [2026-05-13T18:31:22.750+0000] {dagbag.py:545} INFO - Filling up the DagBag from /opt/airflow/dags/retail_etl_dag.py
[2026-05-13T18:31:22.781+0000] {processor.py:840} INFO - DAG(s) 'retail_pipeline' retrieved from /opt/airflow/dags/retail_etl_dag.py
[2026-05-13T18:31:22.899+0000] {logging_mixin.py:188} INFO - [2026-05-13T18:31:22.899+0000] {dag.py:3096} INFO - Sync 1 DAGs
[2026-05-13T18:31:22.987+0000] {logging_mixin.py:188} INFO - [2026-05-13T18:31:22.986+0000] {dag.py:3954} INFO - Setting next_dagrun for retail_pipeline to 2026-05-13 00:00:00+00:00, run_after=2026-05-14 00:00:00+00:00
[2026-05-13T18:31:23.038+0000] {processor.py:183} INFO - Processing /opt/airflow/dags/retail_etl_dag.py took 0.300 seconds
[2026-05-13T18:31:53.344+0000] {processor.py:161} INFO - Started process (PID=108) to work on /opt/airflow/dags/retail_etl_dag.py
[2026-05-13T18:31:53.345+0000] {processor.py:830} INFO - Processing file /opt/airflow/dags/retail_etl_dag.py for tasks to queue
[2026-05-13T18:31:53.349+0000] {logging_mixin.py:188} INFO - [2026-05-13T18:31:53.348+0000] {dagbag.py:545} INFO - Filling up the DagBag from /opt/airflow/dags/retail_etl_dag.py
[2026-05-13T18:31:53.375+0000] {processor.py:840} INFO - DAG(s) 'retail_pipeline' retrieved from /opt/airflow/dags/retail_etl_dag.py
[2026-05-13T18:31:53.416+0000] {logging_mixin.py:188} INFO - [2026-05-13T18:31:53.416+0000] {dag.py:3096} INFO - Sync 1 DAGs
[2026-05-13T18:31:53.444+0000] {logging_mixin.py:188} INFO - [2026-05-13T18:31:53.443+0000] {dag.py:3954} INFO - Setting next_dagrun for retail_pipeline to 2026-05-13 00:00:00+00:00, run_after=2026-05-14 00:00:00+00:00
[2026-05-13T18:31:53.470+0000] {processor.py:183} INFO - Processing /opt/airflow/dags/retail_etl_dag.py took 0.133 seconds
[2026-05-13T18:32:23.790+0000] {processor.py:161} INFO - Started process (PID=109) to work on /opt/airflow/dags/retail_etl_dag.py
[2026-05-13T18:32:23.792+0000] {processor.py:830} INFO - Processing file /opt/airflow/dags/retail_etl_dag.py for tasks to queue
[2026-05-13T18:32:23.794+0000] {logging_mixin.py:188} INFO - [2026-05-13T18:32:23.793+0000] {dagbag.py:545} INFO - Filling up the DagBag from /opt/airflow/dags/retail_etl_dag.py
[2026-05-13T18:32:23.822+0000] {processor.py:840} INFO - DAG(s) 'retail_pipeline' retrieved from /opt/airflow/dags/retail_etl_dag.py
[2026-05-13T18:32:23.863+0000] {logging_mixin.py:188} INFO - [2026-05-13T18:32:23.862+0000] {dag.py:3096} INFO - Sync 1 DAGs
[2026-05-13T18:32:23.889+0000] {logging_mixin.py:188} INFO - [2026-05-13T18:32:23.889+0000] {dag.py:3954} INFO - Setting next_dagrun for retail_pipeline to 2026-05-13 00:00:00+00:00, run_after=2026-05-14 00:00:00+00:00
[2026-05-13T18:32:23.916+0000] {processor.py:183} INFO - Processing /opt/airflow/dags/retail_etl_dag.py took 0.133 seconds
[2026-05-13T18:32:54.404+0000] {processor.py:161} INFO - Started process (PID=110) to work on /opt/airflow/dags/retail_etl_dag.py
[2026-05-13T18:32:54.405+0000] {processor.py:830} INFO - Processing file /opt/airflow/dags/retail_etl_dag.py for tasks to queue
[2026-05-13T18:32:54.407+0000] {logging_mixin.py:188} INFO - [2026-05-13T18:32:54.407+0000] {dagbag.py:545} INFO - Filling up the DagBag from /opt/airflow/dags/retail_etl_dag.py
[2026-05-13T18:32:54.436+0000] {processor.py:840} INFO - DAG(s) 'retail_pipeline' retrieved from /opt/airflow/dags/retail_etl_dag.py
[2026-05-13T18:32:54.473+0000] {logging_mixin.py:188} INFO - [2026-05-13T18:32:54.473+0000] {dag.py:3096} INFO - Sync 1 DAGs
[2026-05-13T18:32:54.501+0000] {logging_mixin.py:188} INFO - [2026-05-13T18:32:54.501+0000] {dag.py:3954} INFO - Setting next_dagrun for retail_pipeline to 2026-05-13 00:00:00+00:00, run_after=2026-05-14 00:00:00+00:00
[2026-05-13T18:32:54.527+0000] {processor.py:183} INFO - Processing /opt/airflow/dags/retail_etl_dag.py took 0.131 seconds
[2026-05-13T18:33:24.996+0000] {processor.py:161} INFO - Started process (PID=111) to work on /opt/airflow/dags/retail_etl_dag.py
[2026-05-13T18:33:24.998+0000] {processor.py:830} INFO - Processing file /opt/airflow/dags/retail_etl_dag.py for tasks to queue
[2026-05-13T18:33:25.001+0000] {logging_mixin.py:188} INFO - [2026-05-13T18:33:25.000+0000] {dagbag.py:545} INFO - Filling up the DagBag from /opt/airflow/dags/retail_etl_dag.py
[2026-05-13T18:33:25.026+0000] {processor.py:840} INFO - DAG(s) 'retail_pipeline' retrieved from /opt/airflow/dags/retail_etl_dag.py
[2026-05-13T18:33:25.061+0000] {logging_mixin.py:188} INFO - [2026-05-13T18:33:25.061+0000] {dag.py:3096} INFO - Sync 1 DAGs
[2026-05-13T18:33:25.087+0000] {logging_mixin.py:188} INFO - [2026-05-13T18:33:25.087+0000] {dag.py:3954} INFO - Setting next_dagrun for retail_pipeline to 2026-05-13 00:00:00+00:00, run_after=2026-05-14 00:00:00+00:00
[2026-05-13T18:33:25.110+0000] {processor.py:183} INFO - Processing /opt/airflow/dags/retail_etl_dag.py took 0.123 seconds
[2026-05-13T18:33:55.555+0000] {processor.py:161} INFO - Started process (PID=112) to work on /opt/airflow/dags/retail_etl_dag.py
[2026-05-13T18:33:55.556+0000] {processor.py:830} INFO - Processing file /opt/airflow/dags/retail_etl_dag.py for tasks to queue
[2026-05-13T18:33:55.559+0000] {logging_mixin.py:188} INFO - [2026-05-13T18:33:55.559+0000] {dagbag.py:545} INFO - Filling up the DagBag from /opt/airflow/dags/retail_etl_dag.py
[2026-05-13T18:33:55.586+0000] {processor.py:840} INFO - DAG(s) 'retail_pipeline' retrieved from /opt/airflow/dags/retail_etl_dag.py
[2026-05-13T18:33:55.623+0000] {logging_mixin.py:188} INFO - [2026-05-13T18:33:55.623+0000] {dag.py:3096} INFO - Sync 1 DAGs
[2026-05-13T18:33:55.652+0000] {logging_mixin.py:188} INFO - [2026-05-13T18:33:55.652+0000] {dag.py:3954} INFO - Setting next_dagrun for retail_pipeline to 2026-05-13 00:00:00+00:00, run_after=2026-05-14 00:00:00+00:00
[2026-05-13T18:33:55.678+0000] {processor.py:183} INFO - Processing /opt/airflow/dags/retail_etl_dag.py took 0.131 seconds
[2026-05-13T18:34:26.343+0000] {processor.py:161} INFO - Started process (PID=113) to work on /opt/airflow/dags/retail_etl_dag.py
[2026-05-13T18:34:26.345+0000] {processor.py:830} INFO - Processing file /opt/airflow/dags/retail_etl_dag.py for tasks to queue
[2026-05-13T18:34:26.348+0000] {logging_mixin.py:188} INFO - [2026-05-13T18:34:26.347+0000] {dagbag.py:545} INFO - Filling up the DagBag from /opt/airflow/dags/retail_etl_dag.py
[2026-05-13T18:34:26.377+0000] {processor.py:840} INFO - DAG(s) 'retail_pipeline' retrieved from /opt/airflow/dags/retail_etl_dag.py
[2026-05-13T18:34:26.422+0000] {logging_mixin.py:188} INFO - [2026-05-13T18:34:26.421+0000] {dag.py:3096} INFO - Sync 1 DAGs
[2026-05-13T18:34:26.456+0000] {logging_mixin.py:188} INFO - [2026-05-13T18:34:26.455+0000] {dag.py:3954} INFO - Setting next_dagrun for retail_pipeline to 2026-05-13 00:00:00+00:00, run_after=2026-05-14 00:00:00+00:00
[2026-05-13T18:34:26.479+0000] {processor.py:183} INFO - Processing /opt/airflow/dags/retail_etl_dag.py took 0.143 seconds
[2026-05-13T18:34:56.962+0000] {processor.py:161} INFO - Started process (PID=115) to work on /opt/airflow/dags/retail_etl_dag.py
[2026-05-13T18:34:56.964+0000] {processor.py:830} INFO - Processing file /opt/airflow/dags/retail_etl_dag.py for tasks to queue
[2026-05-13T18:34:56.971+0000] {logging_mixin.py:188} INFO - [2026-05-13T18:34:56.970+0000] {dagbag.py:545} INFO - Filling up the DagBag from /opt/airflow/dags/retail_etl_dag.py
[2026-05-13T18:34:57.129+0000] {processor.py:840} INFO - DAG(s) 'retail_pipeline' retrieved from /opt/airflow/dags/retail_etl_dag.py
[2026-05-13T18:34:57.281+0000] {logging_mixin.py:188} INFO - [2026-05-13T18:34:57.281+0000] {dag.py:3096} INFO - Sync 1 DAGs
[2026-05-13T18:34:57.455+0000] {logging_mixin.py:188} INFO - [2026-05-13T18:34:57.455+0000] {dag.py:3954} INFO - Setting next_dagrun for retail_pipeline to 2026-05-13 00:00:00+00:00, run_after=2026-05-14 00:00:00+00:00
[2026-05-13T18:34:57.548+0000] {processor.py:183} INFO - Processing /opt/airflow/dags/retail_etl_dag.py took 0.642 seconds
[2026-05-13T18:35:28.055+0000] {processor.py:161} INFO - Started process (PID=169) to work on /opt/airflow/dags/retail_etl_dag.py
[2026-05-13T18:35:28.057+0000] {processor.py:830} INFO - Processing file /opt/airflow/dags/retail_etl_dag.py for tasks to queue
[2026-05-13T18:35:28.060+0000] {logging_mixin.py:188} INFO - [2026-05-13T18:35:28.059+0000] {dagbag.py:545} INFO - Filling up the DagBag from /opt/airflow/dags/retail_etl_dag.py
[2026-05-13T18:35:28.091+0000] {processor.py:840} INFO - DAG(s) 'retail_pipeline' retrieved from /opt/airflow/dags/retail_etl_dag.py
[2026-05-13T18:35:28.132+0000] {logging_mixin.py:188} INFO - [2026-05-13T18:35:28.131+0000] {dag.py:3096} INFO - Sync 1 DAGs
[2026-05-13T18:35:28.163+0000] {logging_mixin.py:188} INFO - [2026-05-13T18:35:28.162+0000] {dag.py:3954} INFO - Setting next_dagrun for retail_pipeline to 2026-05-13 00:00:00+00:00, run_after=2026-05-14 00:00:00+00:00
[2026-05-13T18:35:28.192+0000] {processor.py:183} INFO - Processing /opt/airflow/dags/retail_etl_dag.py took 0.144 seconds
[2026-05-13T18:35:58.551+0000] {processor.py:161} INFO - Started process (PID=170) to work on /opt/airflow/dags/retail_etl_dag.py
[2026-05-13T18:35:58.553+0000] {processor.py:830} INFO - Processing file /opt/airflow/dags/retail_etl_dag.py for tasks to queue
[2026-05-13T18:35:58.555+0000] {logging_mixin.py:188} INFO - [2026-05-13T18:35:58.555+0000] {dagbag.py:545} INFO - Filling up the DagBag from /opt/airflow/dags/retail_etl_dag.py
[2026-05-13T18:35:58.585+0000] {processor.py:840} INFO - DAG(s) 'retail_pipeline' retrieved from /opt/airflow/dags/retail_etl_dag.py
[2026-05-13T18:35:58.630+0000] {logging_mixin.py:188} INFO - [2026-05-13T18:35:58.629+0000] {dag.py:3096} INFO - Sync 1 DAGs
[2026-05-13T18:35:58.662+0000] {logging_mixin.py:188} INFO - [2026-05-13T18:35:58.662+0000] {dag.py:3954} INFO - Setting next_dagrun for retail_pipeline to 2026-05-13 00:00:00+00:00, run_after=2026-05-14 00:00:00+00:00
[2026-05-13T18:35:58.686+0000] {processor.py:183} INFO - Processing /opt/airflow/dags/retail_etl_dag.py took 0.145 seconds
[2026-05-13T18:36:29.136+0000] {processor.py:161} INFO - Started process (PID=171) to work on /opt/airflow/dags/retail_etl_dag.py
[2026-05-13T18:36:29.138+0000] {processor.py:830} INFO - Processing file /opt/airflow/dags/retail_etl_dag.py for tasks to queue
[2026-05-13T18:36:29.140+0000] {logging_mixin.py:188} INFO - [2026-05-13T18:36:29.140+0000] {dagbag.py:545} INFO - Filling up the DagBag from /opt/airflow/dags/retail_etl_dag.py
[2026-05-13T18:36:29.169+0000] {processor.py:840} INFO - DAG(s) 'retail_pipeline' retrieved from /opt/airflow/dags/retail_etl_dag.py
[2026-05-13T18:36:29.206+0000] {logging_mixin.py:188} INFO - [2026-05-13T18:36:29.206+0000] {dag.py:3096} INFO - Sync 1 DAGs
[2026-05-13T18:36:29.235+0000] {logging_mixin.py:188} INFO - [2026-05-13T18:36:29.235+0000] {dag.py:3954} INFO - Setting next_dagrun for retail_pipeline to 2026-05-13 00:00:00+00:00, run_after=2026-05-14 00:00:00+00:00
[2026-05-13T18:36:29.260+0000] {processor.py:183} INFO - Processing /opt/airflow/dags/retail_etl_dag.py took 0.131 seconds
[2026-05-13T18:36:59.607+0000] {processor.py:161} INFO - Started process (PID=172) to work on /opt/airflow/dags/retail_etl_dag.py
[2026-05-13T18:36:59.608+0000] {processor.py:830} INFO - Processing file /opt/airflow/dags/retail_etl_dag.py for tasks to queue
[2026-05-13T18:36:59.611+0000] {logging_mixin.py:188} INFO - [2026-05-13T18:36:59.611+0000] {dagbag.py:545} INFO - Filling up the DagBag from /opt/airflow/dags/retail_etl_dag.py
[2026-05-13T18:36:59.638+0000] {processor.py:840} INFO - DAG(s) 'retail_pipeline' retrieved from /opt/airflow/dags/retail_etl_dag.py
[2026-05-13T18:36:59.675+0000] {logging_mixin.py:188} INFO - [2026-05-13T18:36:59.675+0000] {dag.py:3096} INFO - Sync 1 DAGs
[2026-05-13T18:36:59.705+0000] {logging_mixin.py:188} INFO - [2026-05-13T18:36:59.705+0000] {dag.py:3954} INFO - Setting next_dagrun for retail_pipeline to 2026-05-13 00:00:00+00:00, run_after=2026-05-14 00:00:00+00:00
[2026-05-13T18:36:59.733+0000] {processor.py:183} INFO - Processing /opt/airflow/dags/retail_etl_dag.py took 0.133 seconds
[2026-05-13T18:37:30.242+0000] {processor.py:161} INFO - Started process (PID=173) to work on /opt/airflow/dags/retail_etl_dag.py
[2026-05-13T18:37:30.243+0000] {processor.py:830} INFO - Processing file /opt/airflow/dags/retail_etl_dag.py for tasks to queue
[2026-05-13T18:37:30.245+0000] {logging_mixin.py:188} INFO - [2026-05-13T18:37:30.245+0000] {dagbag.py:545} INFO - Filling up the DagBag from /opt/airflow/dags/retail_etl_dag.py
[2026-05-13T18:37:30.273+0000] {processor.py:840} INFO - DAG(s) 'retail_pipeline' retrieved from /opt/airflow/dags/retail_etl_dag.py
[2026-05-13T18:37:30.308+0000] {logging_mixin.py:188} INFO - [2026-05-13T18:37:30.308+0000] {dag.py:3096} INFO - Sync 1 DAGs
[2026-05-13T18:37:30.334+0000] {logging_mixin.py:188} INFO - [2026-05-13T18:37:30.334+0000] {dag.py:3954} INFO - Setting next_dagrun for retail_pipeline to 2026-05-13 00:00:00+00:00, run_after=2026-05-14 00:00:00+00:00
[2026-05-13T18:37:30.360+0000] {processor.py:183} INFO - Processing /opt/airflow/dags/retail_etl_dag.py took 0.125 seconds
[2026-05-13T18:38:00.714+0000] {processor.py:161} INFO - Started process (PID=174) to work on /opt/airflow/dags/retail_etl_dag.py
[2026-05-13T18:38:00.715+0000] {processor.py:830} INFO - Processing file /opt/airflow/dags/retail_etl_dag.py for tasks to queue
[2026-05-13T18:38:00.717+0000] {logging_mixin.py:188} INFO - [2026-05-13T18:38:00.717+0000] {dagbag.py:545} INFO - Filling up the DagBag from /opt/airflow/dags/retail_etl_dag.py
[2026-05-13T18:38:00.745+0000] {processor.py:840} INFO - DAG(s) 'retail_pipeline' retrieved from /opt/airflow/dags/retail_etl_dag.py
[2026-05-13T18:38:00.782+0000] {logging_mixin.py:188} INFO - [2026-05-13T18:38:00.782+0000] {dag.py:3096} INFO - Sync 1 DAGs
[2026-05-13T18:38:00.810+0000] {logging_mixin.py:188} INFO - [2026-05-13T18:38:00.810+0000] {dag.py:3954} INFO - Setting next_dagrun for retail_pipeline to 2026-05-13 00:00:00+00:00, run_after=2026-05-14 00:00:00+00:00
[2026-05-13T18:38:00.835+0000] {processor.py:183} INFO - Processing /opt/airflow/dags/retail_etl_dag.py took 0.129 seconds
[2026-05-13T18:38:31.282+0000] {processor.py:161} INFO - Started process (PID=175) to work on /opt/airflow/dags/retail_etl_dag.py
[2026-05-13T18:38:31.283+0000] {processor.py:830} INFO - Processing file /opt/airflow/dags/retail_etl_dag.py for tasks to queue
[2026-05-13T18:38:31.286+0000] {logging_mixin.py:188} INFO - [2026-05-13T18:38:31.286+0000] {dagbag.py:545} INFO - Filling up the DagBag from /opt/airflow/dags/retail_etl_dag.py
[2026-05-13T18:38:31.315+0000] {processor.py:840} INFO - DAG(s) 'retail_pipeline' retrieved from /opt/airflow/dags/retail_etl_dag.py
[2026-05-13T18:38:31.352+0000] {logging_mixin.py:188} INFO - [2026-05-13T18:38:31.352+0000] {dag.py:3096} INFO - Sync 1 DAGs
[2026-05-13T18:38:31.396+0000] {logging_mixin.py:188} INFO - [2026-05-13T18:38:31.395+0000] {dag.py:3954} INFO - Setting next_dagrun for retail_pipeline to 2026-05-13 00:00:00+00:00, run_after=2026-05-14 00:00:00+00:00
[2026-05-13T18:38:31.424+0000] {processor.py:183} INFO - Processing /opt/airflow/dags/retail_etl_dag.py took 0.150 seconds
[2026-05-13T18:39:01.777+0000] {processor.py:161} INFO - Started process (PID=176) to work on /opt/airflow/dags/retail_etl_dag.py
[2026-05-13T18:39:01.778+0000] {processor.py:830} INFO - Processing file /opt/airflow/dags/retail_etl_dag.py for tasks to queue
[2026-05-13T18:39:01.780+0000] {logging_mixin.py:188} INFO - [2026-05-13T18:39:01.780+0000] {dagbag.py:545} INFO - Filling up the DagBag from /opt/airflow/dags/retail_etl_dag.py
[2026-05-13T18:39:01.809+0000] {processor.py:840} INFO - DAG(s) 'retail_pipeline' retrieved from /opt/airflow/dags/retail_etl_dag.py
[2026-05-13T18:39:01.847+0000] {logging_mixin.py:188} INFO - [2026-05-13T18:39:01.846+0000] {dag.py:3096} INFO - Sync 1 DAGs
[2026-05-13T18:39:01.875+0000] {logging_mixin.py:188} INFO - [2026-05-13T18:39:01.875+0000] {dag.py:3954} INFO - Setting next_dagrun for retail_pipeline to 2026-05-13 00:00:00+00:00, run_after=2026-05-14 00:00:00+00:00
[2026-05-13T18:39:01.902+0000] {processor.py:183} INFO - Processing /opt/airflow/dags/retail_etl_dag.py took 0.133 seconds
[2026-05-13T18:39:32.410+0000] {processor.py:161} INFO - Started process (PID=177) to work on /opt/airflow/dags/retail_etl_dag.py
[2026-05-13T18:39:32.411+0000] {processor.py:830} INFO - Processing file /opt/airflow/dags/retail_etl_dag.py for tasks to queue
[2026-05-13T18:39:32.413+0000] {logging_mixin.py:188} INFO - [2026-05-13T18:39:32.413+0000] {dagbag.py:545} INFO - Filling up the DagBag from /opt/airflow/dags/retail_etl_dag.py
[2026-05-13T18:39:32.446+0000] {processor.py:840} INFO - DAG(s) 'retail_pipeline' retrieved from /opt/airflow/dags/retail_etl_dag.py
[2026-05-13T18:39:32.491+0000] {logging_mixin.py:188} INFO - [2026-05-13T18:39:32.490+0000] {dag.py:3096} INFO - Sync 1 DAGs
[2026-05-13T18:39:32.530+0000] {logging_mixin.py:188} INFO - [2026-05-13T18:39:32.530+0000] {dag.py:3954} INFO - Setting next_dagrun for retail_pipeline to 2026-05-13 00:00:00+00:00, run_after=2026-05-14 00:00:00+00:00
[2026-05-13T18:39:32.560+0000] {processor.py:183} INFO - Processing /opt/airflow/dags/retail_etl_dag.py took 0.158 seconds
[2026-05-13T18:40:02.933+0000] {processor.py:161} INFO - Started process (PID=178) to work on /opt/airflow/dags/retail_etl_dag.py
[2026-05-13T18:40:02.934+0000] {processor.py:830} INFO - Processing file /opt/airflow/dags/retail_etl_dag.py for tasks to queue
[2026-05-13T18:40:02.937+0000] {logging_mixin.py:188} INFO - [2026-05-13T18:40:02.936+0000] {dagbag.py:545} INFO - Filling up the DagBag from /opt/airflow/dags/retail_etl_dag.py
[2026-05-13T18:40:02.967+0000] {processor.py:840} INFO - DAG(s) 'retail_pipeline' retrieved from /opt/airflow/dags/retail_etl_dag.py
[2026-05-13T18:40:03.010+0000] {logging_mixin.py:188} INFO - [2026-05-13T18:40:03.009+0000] {dag.py:3096} INFO - Sync 1 DAGs
[2026-05-13T18:40:03.046+0000] {logging_mixin.py:188} INFO - [2026-05-13T18:40:03.046+0000] {dag.py:3954} INFO - Setting next_dagrun for retail_pipeline to 2026-05-13 00:00:00+00:00, run_after=2026-05-14 00:00:00+00:00
[2026-05-13T18:40:03.076+0000] {processor.py:183} INFO - Processing /opt/airflow/dags/retail_etl_dag.py took 0.151 seconds
[2026-05-13T18:40:33.692+0000] {processor.py:161} INFO - Started process (PID=179) to work on /opt/airflow/dags/retail_etl_dag.py
[2026-05-13T18:40:33.693+0000] {processor.py:830} INFO - Processing file /opt/airflow/dags/retail_etl_dag.py for tasks to queue
[2026-05-13T18:40:33.695+0000] {logging_mixin.py:188} INFO - [2026-05-13T18:40:33.695+0000] {dagbag.py:545} INFO - Filling up the DagBag from /opt/airflow/dags/retail_etl_dag.py
[2026-05-13T18:40:33.726+0000] {processor.py:840} INFO - DAG(s) 'retail_pipeline' retrieved from /opt/airflow/dags/retail_etl_dag.py
[2026-05-13T18:40:33.765+0000] {logging_mixin.py:188} INFO - [2026-05-13T18:40:33.765+0000] {dag.py:3096} INFO - Sync 1 DAGs
[2026-05-13T18:40:33.795+0000] {logging_mixin.py:188} INFO - [2026-05-13T18:40:33.795+0000] {dag.py:3954} INFO - Setting next_dagrun for retail_pipeline to 2026-05-13 00:00:00+00:00, run_after=2026-05-14 00:00:00+00:00
[2026-05-13T18:40:33.821+0000] {processor.py:183} INFO - Processing /opt/airflow/dags/retail_etl_dag.py took 0.137 seconds
[2026-05-13T18:41:04.331+0000] {processor.py:161} INFO - Started process (PID=180) to work on /opt/airflow/dags/retail_etl_dag.py
[2026-05-13T18:41:04.332+0000] {processor.py:830} INFO - Processing file /opt/airflow/dags/retail_etl_dag.py for tasks to queue
[2026-05-13T18:41:04.335+0000] {logging_mixin.py:188} INFO - [2026-05-13T18:41:04.334+0000] {dagbag.py:545} INFO - Filling up the DagBag from /opt/airflow/dags/retail_etl_dag.py
[2026-05-13T18:41:04.362+0000] {processor.py:840} INFO - DAG(s) 'retail_pipeline' retrieved from /opt/airflow/dags/retail_etl_dag.py
[2026-05-13T18:41:04.400+0000] {logging_mixin.py:188} INFO - [2026-05-13T18:41:04.400+0000] {dag.py:3096} INFO - Sync 1 DAGs
[2026-05-13T18:41:04.433+0000] {logging_mixin.py:188} INFO - [2026-05-13T18:41:04.433+0000] {dag.py:3954} INFO - Setting next_dagrun for retail_pipeline to 2026-05-13 00:00:00+00:00, run_after=2026-05-14 00:00:00+00:00
[2026-05-13T18:41:04.458+0000] {processor.py:183} INFO - Processing /opt/airflow/dags/retail_etl_dag.py took 0.134 seconds
[2026-05-13T18:41:34.860+0000] {processor.py:161} INFO - Started process (PID=181) to work on /opt/airflow/dags/retail_etl_dag.py
[2026-05-13T18:41:34.861+0000] {processor.py:830} INFO - Processing file /opt/airflow/dags/retail_etl_dag.py for tasks to queue
[2026-05-13T18:41:34.864+0000] {logging_mixin.py:188} INFO - [2026-05-13T18:41:34.863+0000] {dagbag.py:545} INFO - Filling up the DagBag from /opt/airflow/dags/retail_etl_dag.py
[2026-05-13T18:41:34.891+0000] {processor.py:840} INFO - DAG(s) 'retail_pipeline' retrieved from /opt/airflow/dags/retail_etl_dag.py
[2026-05-13T18:41:34.928+0000] {logging_mixin.py:188} INFO - [2026-05-13T18:41:34.928+0000] {dag.py:3096} INFO - Sync 1 DAGs
[2026-05-13T18:41:34.960+0000] {logging_mixin.py:188} INFO - [2026-05-13T18:41:34.960+0000] {dag.py:3954} INFO - Setting next_dagrun for retail_pipeline to 2026-05-13 00:00:00+00:00, run_after=2026-05-14 00:00:00+00:00
[2026-05-13T18:41:34.983+0000] {processor.py:183} INFO - Processing /opt/airflow/dags/retail_etl_dag.py took 0.131 seconds
[2026-05-13T18:42:05.392+0000] {processor.py:161} INFO - Started process (PID=182) to work on /opt/airflow/dags/retail_etl_dag.py
[2026-05-13T18:42:05.394+0000] {processor.py:830} INFO - Processing file /opt/airflow/dags/retail_etl_dag.py for tasks to queue
[2026-05-13T18:42:05.396+0000] {logging_mixin.py:188} INFO - [2026-05-13T18:42:05.396+0000] {dagbag.py:545} INFO - Filling up the DagBag from /opt/airflow/dags/retail_etl_dag.py
[2026-05-13T18:42:05.425+0000] {processor.py:840} INFO - DAG(s) 'retail_pipeline' retrieved from /opt/airflow/dags/retail_etl_dag.py
[2026-05-13T18:42:05.463+0000] {logging_mixin.py:188} INFO - [2026-05-13T18:42:05.463+0000] {dag.py:3096} INFO - Sync 1 DAGs
[2026-05-13T18:42:05.490+0000] {logging_mixin.py:188} INFO - [2026-05-13T18:42:05.490+0000] {dag.py:3954} INFO - Setting next_dagrun for retail_pipeline to 2026-05-13 00:00:00+00:00, run_after=2026-05-14 00:00:00+00:00
[2026-05-13T18:42:05.517+0000] {processor.py:183} INFO - Processing /opt/airflow/dags/retail_etl_dag.py took 0.133 seconds
[2026-05-13T18:42:35.953+0000] {processor.py:161} INFO - Started process (PID=183) to work on /opt/airflow/dags/retail_etl_dag.py
[2026-05-13T18:42:35.954+0000] {processor.py:830} INFO - Processing file /opt/airflow/dags/retail_etl_dag.py for tasks to queue
[2026-05-13T18:42:35.957+0000] {logging_mixin.py:188} INFO - [2026-05-13T18:42:35.957+0000] {dagbag.py:545} INFO - Filling up the DagBag from /opt/airflow/dags/retail_etl_dag.py
[2026-05-13T18:42:35.984+0000] {processor.py:840} INFO - DAG(s) 'retail_pipeline' retrieved from /opt/airflow/dags/retail_etl_dag.py
[2026-05-13T18:42:36.024+0000] {logging_mixin.py:188} INFO - [2026-05-13T18:42:36.024+0000] {dag.py:3096} INFO - Sync 1 DAGs
[2026-05-13T18:42:36.052+0000] {logging_mixin.py:188} INFO - [2026-05-13T18:42:36.052+0000] {dag.py:3954} INFO - Setting next_dagrun for retail_pipeline to 2026-05-13 00:00:00+00:00, run_after=2026-05-14 00:00:00+00:00
[2026-05-13T18:42:36.079+0000] {processor.py:183} INFO - Processing /opt/airflow/dags/retail_etl_dag.py took 0.133 seconds
[2026-05-13T18:43:06.501+0000] {processor.py:161} INFO - Started process (PID=184) to work on /opt/airflow/dags/retail_etl_dag.py
[2026-05-13T18:43:06.502+0000] {processor.py:830} INFO - Processing file /opt/airflow/dags/retail_etl_dag.py for tasks to queue
[2026-05-13T18:43:06.505+0000] {logging_mixin.py:188} INFO - [2026-05-13T18:43:06.504+0000] {dagbag.py:545} INFO - Filling up the DagBag from /opt/airflow/dags/retail_etl_dag.py
[2026-05-13T18:43:06.533+0000] {processor.py:840} INFO - DAG(s) 'retail_pipeline' retrieved from /opt/airflow/dags/retail_etl_dag.py
[2026-05-13T18:43:06.570+0000] {logging_mixin.py:188} INFO - [2026-05-13T18:43:06.569+0000] {dag.py:3096} INFO - Sync 1 DAGs
[2026-05-13T18:43:06.599+0000] {logging_mixin.py:188} INFO - [2026-05-13T18:43:06.599+0000] {dag.py:3954} INFO - Setting next_dagrun for retail_pipeline to 2026-05-13 00:00:00+00:00, run_after=2026-05-14 00:00:00+00:00
[2026-05-13T18:43:06.629+0000] {processor.py:183} INFO - Processing /opt/airflow/dags/retail_etl_dag.py took 0.136 seconds
[2026-05-13T18:43:37.128+0000] {processor.py:161} INFO - Started process (PID=185) to work on /opt/airflow/dags/retail_etl_dag.py
[2026-05-13T18:43:37.129+0000] {processor.py:830} INFO - Processing file /opt/airflow/dags/retail_etl_dag.py for tasks to queue
[2026-05-13T18:43:37.131+0000] {logging_mixin.py:188} INFO - [2026-05-13T18:43:37.131+0000] {dagbag.py:545} INFO - Filling up the DagBag from /opt/airflow/dags/retail_etl_dag.py
[2026-05-13T18:43:37.159+0000] {processor.py:840} INFO - DAG(s) 'retail_pipeline' retrieved from /opt/airflow/dags/retail_etl_dag.py
[2026-05-13T18:43:37.196+0000] {logging_mixin.py:188} INFO - [2026-05-13T18:43:37.196+0000] {dag.py:3096} INFO - Sync 1 DAGs
[2026-05-13T18:43:37.223+0000] {logging_mixin.py:188} INFO - [2026-05-13T18:43:37.222+0000] {dag.py:3954} INFO - Setting next_dagrun for retail_pipeline to 2026-05-13 00:00:00+00:00, run_after=2026-05-14 00:00:00+00:00
[2026-05-13T18:43:37.248+0000] {processor.py:183} INFO - Processing /opt/airflow/dags/retail_etl_dag.py took 0.128 seconds
[2026-05-13T18:45:05.992+0000] {processor.py:161} INFO - Started process (PID=25) to work on /opt/airflow/dags/retail_etl_dag.py
[2026-05-13T18:45:05.995+0000] {processor.py:830} INFO - Processing file /opt/airflow/dags/retail_etl_dag.py for tasks to queue
[2026-05-13T18:45:06.001+0000] {logging_mixin.py:188} INFO - [2026-05-13T18:45:06.000+0000] {dagbag.py:545} INFO - Filling up the DagBag from /opt/airflow/dags/retail_etl_dag.py
[2026-05-13T18:45:06.095+0000] {processor.py:840} INFO - DAG(s) 'retail_pipeline' retrieved from /opt/airflow/dags/retail_etl_dag.py
[2026-05-13T18:45:06.802+0000] {logging_mixin.py:188} INFO - [2026-05-13T18:45:06.800+0000] {override.py:1829} INFO - Created Permission View: can read on DAG:retail_pipeline
[2026-05-13T18:45:06.820+0000] {logging_mixin.py:188} INFO - [2026-05-13T18:45:06.820+0000] {override.py:1829} INFO - Created Permission View: can delete on DAG:retail_pipeline
[2026-05-13T18:45:06.850+0000] {logging_mixin.py:188} INFO - [2026-05-13T18:45:06.849+0000] {override.py:1829} INFO - Created Permission View: can edit on DAG:retail_pipeline
[2026-05-13T18:45:06.852+0000] {logging_mixin.py:188} INFO - [2026-05-13T18:45:06.851+0000] {dag.py:3096} INFO - Sync 1 DAGs
[2026-05-13T18:45:06.890+0000] {logging_mixin.py:188} INFO - [2026-05-13T18:45:06.889+0000] {dag.py:3118} INFO - Creating ORM DAG for retail_pipeline
[2026-05-13T18:45:06.949+0000] {logging_mixin.py:188} INFO - [2026-05-13T18:45:06.948+0000] {dag.py:3954} INFO - Setting next_dagrun for retail_pipeline to 2026-05-12 00:00:00+00:00, run_after=2026-05-13 00:00:00+00:00
[2026-05-13T18:45:07.022+0000] {processor.py:183} INFO - Processing /opt/airflow/dags/retail_etl_dag.py took 1.052 seconds
[2026-05-13T18:45:37.608+0000] {processor.py:161} INFO - Started process (PID=26) to work on /opt/airflow/dags/retail_etl_dag.py
[2026-05-13T18:45:37.615+0000] {processor.py:830} INFO - Processing file /opt/airflow/dags/retail_etl_dag.py for tasks to queue
[2026-05-13T18:45:37.625+0000] {logging_mixin.py:188} INFO - [2026-05-13T18:45:37.623+0000] {dagbag.py:545} INFO - Filling up the DagBag from /opt/airflow/dags/retail_etl_dag.py
[2026-05-13T18:45:37.716+0000] {processor.py:840} INFO - DAG(s) 'retail_pipeline' retrieved from /opt/airflow/dags/retail_etl_dag.py
[2026-05-13T18:45:37.869+0000] {logging_mixin.py:188} INFO - [2026-05-13T18:45:37.868+0000] {dag.py:3096} INFO - Sync 1 DAGs
[2026-05-13T18:45:37.987+0000] {logging_mixin.py:188} INFO - [2026-05-13T18:45:37.987+0000] {dag.py:3954} INFO - Setting next_dagrun for retail_pipeline to 2026-05-12 00:00:00+00:00, run_after=2026-05-13 00:00:00+00:00
[2026-05-13T18:45:38.049+0000] {processor.py:183} INFO - Processing /opt/airflow/dags/retail_etl_dag.py took 0.511 seconds
[2026-05-13T18:46:08.629+0000] {processor.py:161} INFO - Started process (PID=27) to work on /opt/airflow/dags/retail_etl_dag.py
[2026-05-13T18:46:08.636+0000] {processor.py:830} INFO - Processing file /opt/airflow/dags/retail_etl_dag.py for tasks to queue
[2026-05-13T18:46:08.649+0000] {logging_mixin.py:188} INFO - [2026-05-13T18:46:08.646+0000] {dagbag.py:545} INFO - Filling up the DagBag from /opt/airflow/dags/retail_etl_dag.py
[2026-05-13T18:46:08.736+0000] {processor.py:840} INFO - DAG(s) 'retail_pipeline' retrieved from /opt/airflow/dags/retail_etl_dag.py
[2026-05-13T18:46:08.849+0000] {logging_mixin.py:188} INFO - [2026-05-13T18:46:08.848+0000] {dag.py:3096} INFO - Sync 1 DAGs
[2026-05-13T18:46:08.969+0000] {logging_mixin.py:188} INFO - [2026-05-13T18:46:08.968+0000] {dag.py:3954} INFO - Setting next_dagrun for retail_pipeline to 2026-05-12 00:00:00+00:00, run_after=2026-05-13 00:00:00+00:00
[2026-05-13T18:46:09.022+0000] {processor.py:183} INFO - Processing /opt/airflow/dags/retail_etl_dag.py took 0.442 seconds
[2026-05-13T18:46:39.690+0000] {processor.py:161} INFO - Started process (PID=28) to work on /opt/airflow/dags/retail_etl_dag.py
[2026-05-13T18:46:39.693+0000] {processor.py:830} INFO - Processing file /opt/airflow/dags/retail_etl_dag.py for tasks to queue
[2026-05-13T18:46:39.699+0000] {logging_mixin.py:188} INFO - [2026-05-13T18:46:39.698+0000] {dagbag.py:545} INFO - Filling up the DagBag from /opt/airflow/dags/retail_etl_dag.py
[2026-05-13T18:46:39.795+0000] {processor.py:840} INFO - DAG(s) 'retail_pipeline' retrieved from /opt/airflow/dags/retail_etl_dag.py
[2026-05-13T18:46:39.981+0000] {logging_mixin.py:188} INFO - [2026-05-13T18:46:39.980+0000] {dag.py:3096} INFO - Sync 1 DAGs
[2026-05-13T18:46:40.184+0000] {logging_mixin.py:188} INFO - [2026-05-13T18:46:40.183+0000] {dag.py:3954} INFO - Setting next_dagrun for retail_pipeline to 2026-05-12 00:00:00+00:00, run_after=2026-05-13 00:00:00+00:00
[2026-05-13T18:46:40.309+0000] {processor.py:183} INFO - Processing /opt/airflow/dags/retail_etl_dag.py took 0.657 seconds
[2026-05-13T18:47:10.926+0000] {processor.py:161} INFO - Started process (PID=55) to work on /opt/airflow/dags/retail_etl_dag.py
[2026-05-13T18:47:10.928+0000] {processor.py:830} INFO - Processing file /opt/airflow/dags/retail_etl_dag.py for tasks to queue
[2026-05-13T18:47:10.934+0000] {logging_mixin.py:188} INFO - [2026-05-13T18:47:10.931+0000] {dagbag.py:545} INFO - Filling up the DagBag from /opt/airflow/dags/retail_etl_dag.py
[2026-05-13T18:47:10.987+0000] {processor.py:840} INFO - DAG(s) 'retail_pipeline' retrieved from /opt/airflow/dags/retail_etl_dag.py
[2026-05-13T18:47:11.065+0000] {logging_mixin.py:188} INFO - [2026-05-13T18:47:11.064+0000] {dag.py:3096} INFO - Sync 1 DAGs
[2026-05-13T18:47:11.129+0000] {logging_mixin.py:188} INFO - [2026-05-13T18:47:11.128+0000] {dag.py:3954} INFO - Setting next_dagrun for retail_pipeline to 2026-05-13 00:00:00+00:00, run_after=2026-05-14 00:00:00+00:00
[2026-05-13T18:47:11.177+0000] {processor.py:183} INFO - Processing /opt/airflow/dags/retail_etl_dag.py took 0.273 seconds
[2026-05-13T18:47:41.429+0000] {processor.py:161} INFO - Started process (PID=121) to work on /opt/airflow/dags/retail_etl_dag.py
[2026-05-13T18:47:41.430+0000] {processor.py:830} INFO - Processing file /opt/airflow/dags/retail_etl_dag.py for tasks to queue
[2026-05-13T18:47:41.436+0000] {logging_mixin.py:188} INFO - [2026-05-13T18:47:41.434+0000] {dagbag.py:545} INFO - Filling up the DagBag from /opt/airflow/dags/retail_etl_dag.py
[2026-05-13T18:47:41.498+0000] {processor.py:840} INFO - DAG(s) 'retail_pipeline' retrieved from /opt/airflow/dags/retail_etl_dag.py
[2026-05-13T18:47:41.567+0000] {logging_mixin.py:188} INFO - [2026-05-13T18:47:41.566+0000] {dag.py:3096} INFO - Sync 1 DAGs
[2026-05-13T18:47:41.624+0000] {logging_mixin.py:188} INFO - [2026-05-13T18:47:41.623+0000] {dag.py:3954} INFO - Setting next_dagrun for retail_pipeline to 2026-05-13 00:00:00+00:00, run_after=2026-05-14 00:00:00+00:00
[2026-05-13T18:47:41.669+0000] {processor.py:183} INFO - Processing /opt/airflow/dags/retail_etl_dag.py took 0.252 seconds
[2026-05-13T18:48:12.194+0000] {processor.py:161} INFO - Started process (PID=139) to work on /opt/airflow/dags/retail_etl_dag.py
[2026-05-13T18:48:12.195+0000] {processor.py:830} INFO - Processing file /opt/airflow/dags/retail_etl_dag.py for tasks to queue
[2026-05-13T18:48:12.198+0000] {logging_mixin.py:188} INFO - [2026-05-13T18:48:12.198+0000] {dagbag.py:545} INFO - Filling up the DagBag from /opt/airflow/dags/retail_etl_dag.py
[2026-05-13T18:48:12.226+0000] {processor.py:840} INFO - DAG(s) 'retail_pipeline' retrieved from /opt/airflow/dags/retail_etl_dag.py
[2026-05-13T18:48:12.262+0000] {logging_mixin.py:188} INFO - [2026-05-13T18:48:12.261+0000] {dag.py:3096} INFO - Sync 1 DAGs
[2026-05-13T18:48:12.288+0000] {logging_mixin.py:188} INFO - [2026-05-13T18:48:12.288+0000] {dag.py:3954} INFO - Setting next_dagrun for retail_pipeline to 2026-05-13 00:00:00+00:00, run_after=2026-05-14 00:00:00+00:00
[2026-05-13T18:48:12.316+0000] {processor.py:183} INFO - Processing /opt/airflow/dags/retail_etl_dag.py took 0.130 seconds
[2026-05-13T18:48:42.674+0000] {processor.py:161} INFO - Started process (PID=140) to work on /opt/airflow/dags/retail_etl_dag.py
[2026-05-13T18:48:42.676+0000] {processor.py:830} INFO - Processing file /opt/airflow/dags/retail_etl_dag.py for tasks to queue
[2026-05-13T18:48:42.679+0000] {logging_mixin.py:188} INFO - [2026-05-13T18:48:42.678+0000] {dagbag.py:545} INFO - Filling up the DagBag from /opt/airflow/dags/retail_etl_dag.py
[2026-05-13T18:48:42.727+0000] {processor.py:840} INFO - DAG(s) 'retail_pipeline' retrieved from /opt/airflow/dags/retail_etl_dag.py
[2026-05-13T18:48:42.785+0000] {logging_mixin.py:188} INFO - [2026-05-13T18:48:42.785+0000] {dag.py:3096} INFO - Sync 1 DAGs
[2026-05-13T18:48:42.841+0000] {logging_mixin.py:188} INFO - [2026-05-13T18:48:42.840+0000] {dag.py:3954} INFO - Setting next_dagrun for retail_pipeline to 2026-05-13 00:00:00+00:00, run_after=2026-05-14 00:00:00+00:00
[2026-05-13T18:48:42.881+0000] {processor.py:183} INFO - Processing /opt/airflow/dags/retail_etl_dag.py took 0.216 seconds
[2026-05-13T18:49:13.243+0000] {processor.py:161} INFO - Started process (PID=141) to work on /opt/airflow/dags/retail_etl_dag.py
[2026-05-13T18:49:13.244+0000] {processor.py:830} INFO - Processing file /opt/airflow/dags/retail_etl_dag.py for tasks to queue
[2026-05-13T18:49:13.246+0000] {logging_mixin.py:188} INFO - [2026-05-13T18:49:13.246+0000] {dagbag.py:545} INFO - Filling up the DagBag from /opt/airflow/dags/retail_etl_dag.py
[2026-05-13T18:49:13.270+0000] {processor.py:840} INFO - DAG(s) 'retail_pipeline' retrieved from /opt/airflow/dags/retail_etl_dag.py
[2026-05-13T18:49:13.310+0000] {logging_mixin.py:188} INFO - [2026-05-13T18:49:13.310+0000] {dag.py:3096} INFO - Sync 1 DAGs
[2026-05-13T18:49:13.342+0000] {logging_mixin.py:188} INFO - [2026-05-13T18:49:13.342+0000] {dag.py:3954} INFO - Setting next_dagrun for retail_pipeline to 2026-05-13 00:00:00+00:00, run_after=2026-05-14 00:00:00+00:00
[2026-05-13T18:49:13.368+0000] {processor.py:183} INFO - Processing /opt/airflow/dags/retail_etl_dag.py took 0.134 seconds
[2026-05-13T18:49:43.825+0000] {processor.py:161} INFO - Started process (PID=142) to work on /opt/airflow/dags/retail_etl_dag.py
[2026-05-13T18:49:43.827+0000] {processor.py:830} INFO - Processing file /opt/airflow/dags/retail_etl_dag.py for tasks to queue
[2026-05-13T18:49:43.829+0000] {logging_mixin.py:188} INFO - [2026-05-13T18:49:43.828+0000] {dagbag.py:545} INFO - Filling up the DagBag from /opt/airflow/dags/retail_etl_dag.py
[2026-05-13T18:49:43.856+0000] {processor.py:840} INFO - DAG(s) 'retail_pipeline' retrieved from /opt/airflow/dags/retail_etl_dag.py
[2026-05-13T18:49:43.892+0000] {logging_mixin.py:188} INFO - [2026-05-13T18:49:43.892+0000] {dag.py:3096} INFO - Sync 1 DAGs
[2026-05-13T18:49:43.922+0000] {logging_mixin.py:188} INFO - [2026-05-13T18:49:43.922+0000] {dag.py:3954} INFO - Setting next_dagrun for retail_pipeline to 2026-05-13 00:00:00+00:00, run_after=2026-05-14 00:00:00+00:00
[2026-05-13T18:49:43.947+0000] {processor.py:183} INFO - Processing /opt/airflow/dags/retail_etl_dag.py took 0.129 seconds
[2026-05-13T18:50:14.357+0000] {processor.py:161} INFO - Started process (PID=143) to work on /opt/airflow/dags/retail_etl_dag.py
[2026-05-13T18:50:14.358+0000] {processor.py:830} INFO - Processing file /opt/airflow/dags/retail_etl_dag.py for tasks to queue
[2026-05-13T18:50:14.360+0000] {logging_mixin.py:188} INFO - [2026-05-13T18:50:14.360+0000] {dagbag.py:545} INFO - Filling up the DagBag from /opt/airflow/dags/retail_etl_dag.py
[2026-05-13T18:50:14.388+0000] {processor.py:840} INFO - DAG(s) 'retail_pipeline' retrieved from /opt/airflow/dags/retail_etl_dag.py
[2026-05-13T18:50:14.430+0000] {logging_mixin.py:188} INFO - [2026-05-13T18:50:14.429+0000] {dag.py:3096} INFO - Sync 1 DAGs
[2026-05-13T18:50:14.471+0000] {logging_mixin.py:188} INFO - [2026-05-13T18:50:14.471+0000] {dag.py:3954} INFO - Setting next_dagrun for retail_pipeline to 2026-05-13 00:00:00+00:00, run_after=2026-05-14 00:00:00+00:00
[2026-05-13T18:50:14.497+0000] {processor.py:183} INFO - Processing /opt/airflow/dags/retail_etl_dag.py took 0.149 seconds
[2026-05-13T18:50:44.930+0000] {processor.py:161} INFO - Started process (PID=144) to work on /opt/airflow/dags/retail_etl_dag.py
[2026-05-13T18:50:44.932+0000] {processor.py:830} INFO - Processing file /opt/airflow/dags/retail_etl_dag.py for tasks to queue
[2026-05-13T18:50:44.935+0000] {logging_mixin.py:188} INFO - [2026-05-13T18:50:44.934+0000] {dagbag.py:545} INFO - Filling up the DagBag from /opt/airflow/dags/retail_etl_dag.py
[2026-05-13T18:50:44.968+0000] {processor.py:840} INFO - DAG(s) 'retail_pipeline' retrieved from /opt/airflow/dags/retail_etl_dag.py
[2026-05-13T18:50:44.997+0000] {logging_mixin.py:188} INFO - [2026-05-13T18:50:44.996+0000] {dag.py:3096} INFO - Sync 1 DAGs
[2026-05-13T18:50:45.035+0000] {logging_mixin.py:188} INFO - [2026-05-13T18:50:45.035+0000] {dag.py:3954} INFO - Setting next_dagrun for retail_pipeline to 2026-05-13 00:00:00+00:00, run_after=2026-05-14 00:00:00+00:00
[2026-05-13T18:50:45.069+0000] {processor.py:183} INFO - Processing /opt/airflow/dags/retail_etl_dag.py took 0.152 seconds
[2026-05-13T18:51:03.793+0000] {processor.py:161} INFO - Started process (PID=25) to work on /opt/airflow/dags/retail_etl_dag.py
[2026-05-13T18:51:03.795+0000] {processor.py:830} INFO - Processing file /opt/airflow/dags/retail_etl_dag.py for tasks to queue
[2026-05-13T18:51:03.800+0000] {logging_mixin.py:188} INFO - [2026-05-13T18:51:03.799+0000] {dagbag.py:545} INFO - Filling up the DagBag from /opt/airflow/dags/retail_etl_dag.py
[2026-05-13T18:51:03.842+0000] {processor.py:840} INFO - DAG(s) 'retail_pipeline' retrieved from /opt/airflow/dags/retail_etl_dag.py
[2026-05-13T18:51:03.893+0000] {logging_mixin.py:188} INFO - [2026-05-13T18:51:03.892+0000] {dag.py:3096} INFO - Sync 1 DAGs
[2026-05-13T18:51:03.933+0000] {logging_mixin.py:188} INFO - [2026-05-13T18:51:03.932+0000] {dag.py:3954} INFO - Setting next_dagrun for retail_pipeline to 2026-05-13 00:00:00+00:00, run_after=2026-05-14 00:00:00+00:00
[2026-05-13T18:51:03.963+0000] {processor.py:183} INFO - Processing /opt/airflow/dags/retail_etl_dag.py took 0.181 seconds
[2026-05-13T18:51:34.348+0000] {processor.py:161} INFO - Started process (PID=26) to work on /opt/airflow/dags/retail_etl_dag.py
[2026-05-13T18:51:34.349+0000] {processor.py:830} INFO - Processing file /opt/airflow/dags/retail_etl_dag.py for tasks to queue
[2026-05-13T18:51:34.352+0000] {logging_mixin.py:188} INFO - [2026-05-13T18:51:34.351+0000] {dagbag.py:545} INFO - Filling up the DagBag from /opt/airflow/dags/retail_etl_dag.py
[2026-05-13T18:51:34.380+0000] {processor.py:840} INFO - DAG(s) 'retail_pipeline' retrieved from /opt/airflow/dags/retail_etl_dag.py
[2026-05-13T18:51:34.511+0000] {logging_mixin.py:188} INFO - [2026-05-13T18:51:34.511+0000] {dag.py:3096} INFO - Sync 1 DAGs
[2026-05-13T18:51:34.545+0000] {logging_mixin.py:188} INFO - [2026-05-13T18:51:34.544+0000] {dag.py:3954} INFO - Setting next_dagrun for retail_pipeline to 2026-05-13 00:00:00+00:00, run_after=2026-05-14 00:00:00+00:00
[2026-05-13T18:51:34.570+0000] {processor.py:183} INFO - Processing /opt/airflow/dags/retail_etl_dag.py took 0.230 seconds
[2026-05-13T18:52:29.400+0000] {processor.py:161} INFO - Started process (PID=25) to work on /opt/airflow/dags/retail_etl_dag.py
[2026-05-13T18:52:29.402+0000] {processor.py:830} INFO - Processing file /opt/airflow/dags/retail_etl_dag.py for tasks to queue
[2026-05-13T18:52:29.409+0000] {logging_mixin.py:188} INFO - [2026-05-13T18:52:29.408+0000] {dagbag.py:545} INFO - Filling up the DagBag from /opt/airflow/dags/retail_etl_dag.py
[2026-05-13T18:52:29.493+0000] {processor.py:840} INFO - DAG(s) 'retail_pipeline' retrieved from /opt/airflow/dags/retail_etl_dag.py
[2026-05-13T18:52:30.577+0000] {logging_mixin.py:188} INFO - [2026-05-13T18:52:30.576+0000] {override.py:1829} INFO - Created Permission View: can read on DAG:retail_pipeline
[2026-05-13T18:52:30.609+0000] {logging_mixin.py:188} INFO - [2026-05-13T18:52:30.608+0000] {override.py:1829} INFO - Created Permission View: can edit on DAG:retail_pipeline
[2026-05-13T18:52:30.635+0000] {logging_mixin.py:188} INFO - [2026-05-13T18:52:30.635+0000] {override.py:1829} INFO - Created Permission View: can delete on DAG:retail_pipeline
[2026-05-13T18:52:30.637+0000] {logging_mixin.py:188} INFO - [2026-05-13T18:52:30.636+0000] {dag.py:3096} INFO - Sync 1 DAGs
[2026-05-13T18:52:30.685+0000] {logging_mixin.py:188} INFO - [2026-05-13T18:52:30.685+0000] {dag.py:3118} INFO - Creating ORM DAG for retail_pipeline
[2026-05-13T18:52:30.729+0000] {logging_mixin.py:188} INFO - [2026-05-13T18:52:30.728+0000] {dag.py:3954} INFO - Setting next_dagrun for retail_pipeline to 2026-05-12 00:00:00+00:00, run_after=2026-05-13 00:00:00+00:00
[2026-05-13T18:52:30.780+0000] {processor.py:183} INFO - Processing /opt/airflow/dags/retail_etl_dag.py took 1.406 seconds
[2026-05-13T18:53:01.398+0000] {processor.py:161} INFO - Started process (PID=26) to work on /opt/airflow/dags/retail_etl_dag.py
[2026-05-13T18:53:01.406+0000] {processor.py:830} INFO - Processing file /opt/airflow/dags/retail_etl_dag.py for tasks to queue
[2026-05-13T18:53:01.414+0000] {logging_mixin.py:188} INFO - [2026-05-13T18:53:01.413+0000] {dagbag.py:545} INFO - Filling up the DagBag from /opt/airflow/dags/retail_etl_dag.py
[2026-05-13T18:53:01.495+0000] {processor.py:840} INFO - DAG(s) 'retail_pipeline' retrieved from /opt/airflow/dags/retail_etl_dag.py
[2026-05-13T18:53:01.630+0000] {logging_mixin.py:188} INFO - [2026-05-13T18:53:01.629+0000] {dag.py:3096} INFO - Sync 1 DAGs
[2026-05-13T18:53:01.694+0000] {logging_mixin.py:188} INFO - [2026-05-13T18:53:01.693+0000] {dag.py:3954} INFO - Setting next_dagrun for retail_pipeline to 2026-05-12 00:00:00+00:00, run_after=2026-05-13 00:00:00+00:00
[2026-05-13T18:53:01.753+0000] {processor.py:183} INFO - Processing /opt/airflow/dags/retail_etl_dag.py took 0.384 seconds
[2026-05-13T18:53:32.419+0000] {processor.py:161} INFO - Started process (PID=27) to work on /opt/airflow/dags/retail_etl_dag.py
[2026-05-13T18:53:32.422+0000] {processor.py:830} INFO - Processing file /opt/airflow/dags/retail_etl_dag.py for tasks to queue
[2026-05-13T18:53:32.432+0000] {logging_mixin.py:188} INFO - [2026-05-13T18:53:32.428+0000] {dagbag.py:545} INFO - Filling up the DagBag from /opt/airflow/dags/retail_etl_dag.py
[2026-05-13T18:53:32.507+0000] {processor.py:840} INFO - DAG(s) 'retail_pipeline' retrieved from /opt/airflow/dags/retail_etl_dag.py
[2026-05-13T18:53:32.622+0000] {logging_mixin.py:188} INFO - [2026-05-13T18:53:32.621+0000] {dag.py:3096} INFO - Sync 1 DAGs
[2026-05-13T18:53:32.704+0000] {logging_mixin.py:188} INFO - [2026-05-13T18:53:32.703+0000] {dag.py:3954} INFO - Setting next_dagrun for retail_pipeline to 2026-05-12 00:00:00+00:00, run_after=2026-05-13 00:00:00+00:00
[2026-05-13T18:53:32.770+0000] {processor.py:183} INFO - Processing /opt/airflow/dags/retail_etl_dag.py took 0.373 seconds
[2026-05-13T18:54:03.259+0000] {processor.py:161} INFO - Started process (PID=28) to work on /opt/airflow/dags/retail_etl_dag.py
[2026-05-13T18:54:03.260+0000] {processor.py:830} INFO - Processing file /opt/airflow/dags/retail_etl_dag.py for tasks to queue
[2026-05-13T18:54:03.262+0000] {logging_mixin.py:188} INFO - [2026-05-13T18:54:03.262+0000] {dagbag.py:545} INFO - Filling up the DagBag from /opt/airflow/dags/retail_etl_dag.py
[2026-05-13T18:54:03.290+0000] {processor.py:840} INFO - DAG(s) 'retail_pipeline' retrieved from /opt/airflow/dags/retail_etl_dag.py
[2026-05-13T18:54:03.335+0000] {logging_mixin.py:188} INFO - [2026-05-13T18:54:03.335+0000] {dag.py:3096} INFO - Sync 1 DAGs
[2026-05-13T18:54:03.367+0000] {logging_mixin.py:188} INFO - [2026-05-13T18:54:03.367+0000] {dag.py:3954} INFO - Setting next_dagrun for retail_pipeline to 2026-05-12 00:00:00+00:00, run_after=2026-05-13 00:00:00+00:00
[2026-05-13T18:54:03.395+0000] {processor.py:183} INFO - Processing /opt/airflow/dags/retail_etl_dag.py took 0.144 seconds
[2026-05-13T18:54:33.856+0000] {processor.py:161} INFO - Started process (PID=92) to work on /opt/airflow/dags/retail_etl_dag.py
[2026-05-13T18:54:33.858+0000] {processor.py:830} INFO - Processing file /opt/airflow/dags/retail_etl_dag.py for tasks to queue
[2026-05-13T18:54:33.861+0000] {logging_mixin.py:188} INFO - [2026-05-13T18:54:33.861+0000] {dagbag.py:545} INFO - Filling up the DagBag from /opt/airflow/dags/retail_etl_dag.py
[2026-05-13T18:54:33.898+0000] {processor.py:840} INFO - DAG(s) 'retail_pipeline' retrieved from /opt/airflow/dags/retail_etl_dag.py
[2026-05-13T18:54:33.950+0000] {logging_mixin.py:188} INFO - [2026-05-13T18:54:33.950+0000] {dag.py:3096} INFO - Sync 1 DAGs
[2026-05-13T18:54:33.986+0000] {logging_mixin.py:188} INFO - [2026-05-13T18:54:33.986+0000] {dag.py:3954} INFO - Setting next_dagrun for retail_pipeline to 2026-05-13 00:00:00+00:00, run_after=2026-05-14 00:00:00+00:00
[2026-05-13T18:54:34.016+0000] {processor.py:183} INFO - Processing /opt/airflow/dags/retail_etl_dag.py took 0.169 seconds
[2026-05-13T18:55:04.404+0000] {processor.py:161} INFO - Started process (PID=138) to work on /opt/airflow/dags/retail_etl_dag.py
[2026-05-13T18:55:04.406+0000] {processor.py:830} INFO - Processing file /opt/airflow/dags/retail_etl_dag.py for tasks to queue
[2026-05-13T18:55:04.408+0000] {logging_mixin.py:188} INFO - [2026-05-13T18:55:04.408+0000] {dagbag.py:545} INFO - Filling up the DagBag from /opt/airflow/dags/retail_etl_dag.py
[2026-05-13T18:55:04.436+0000] {processor.py:840} INFO - DAG(s) 'retail_pipeline' retrieved from /opt/airflow/dags/retail_etl_dag.py
[2026-05-13T18:55:04.474+0000] {logging_mixin.py:188} INFO - [2026-05-13T18:55:04.473+0000] {dag.py:3096} INFO - Sync 1 DAGs
[2026-05-13T18:55:04.501+0000] {logging_mixin.py:188} INFO - [2026-05-13T18:55:04.501+0000] {dag.py:3954} INFO - Setting next_dagrun for retail_pipeline to 2026-05-13 00:00:00+00:00, run_after=2026-05-14 00:00:00+00:00
[2026-05-13T18:55:04.526+0000] {processor.py:183} INFO - Processing /opt/airflow/dags/retail_etl_dag.py took 0.129 seconds
[2026-05-13T18:55:35.006+0000] {processor.py:161} INFO - Started process (PID=139) to work on /opt/airflow/dags/retail_etl_dag.py
[2026-05-13T18:55:35.008+0000] {processor.py:830} INFO - Processing file /opt/airflow/dags/retail_etl_dag.py for tasks to queue
[2026-05-13T18:55:35.010+0000] {logging_mixin.py:188} INFO - [2026-05-13T18:55:35.009+0000] {dagbag.py:545} INFO - Filling up the DagBag from /opt/airflow/dags/retail_etl_dag.py
[2026-05-13T18:55:35.034+0000] {processor.py:840} INFO - DAG(s) 'retail_pipeline' retrieved from /opt/airflow/dags/retail_etl_dag.py
[2026-05-13T18:55:35.072+0000] {logging_mixin.py:188} INFO - [2026-05-13T18:55:35.071+0000] {dag.py:3096} INFO - Sync 1 DAGs
[2026-05-13T18:55:35.101+0000] {logging_mixin.py:188} INFO - [2026-05-13T18:55:35.101+0000] {dag.py:3954} INFO - Setting next_dagrun for retail_pipeline to 2026-05-13 00:00:00+00:00, run_after=2026-05-14 00:00:00+00:00
[2026-05-13T18:55:35.128+0000] {processor.py:183} INFO - Processing /opt/airflow/dags/retail_etl_dag.py took 0.128 seconds
[2026-05-13T18:56:05.762+0000] {processor.py:161} INFO - Started process (PID=140) to work on /opt/airflow/dags/retail_etl_dag.py
[2026-05-13T18:56:05.763+0000] {processor.py:830} INFO - Processing file /opt/airflow/dags/retail_etl_dag.py for tasks to queue
[2026-05-13T18:56:05.766+0000] {logging_mixin.py:188} INFO - [2026-05-13T18:56:05.766+0000] {dagbag.py:545} INFO - Filling up the DagBag from /opt/airflow/dags/retail_etl_dag.py
[2026-05-13T18:56:05.791+0000] {processor.py:840} INFO - DAG(s) 'retail_pipeline' retrieved from /opt/airflow/dags/retail_etl_dag.py
[2026-05-13T18:56:05.828+0000] {logging_mixin.py:188} INFO - [2026-05-13T18:56:05.827+0000] {dag.py:3096} INFO - Sync 1 DAGs
[2026-05-13T18:56:05.855+0000] {logging_mixin.py:188} INFO - [2026-05-13T18:56:05.855+0000] {dag.py:3954} INFO - Setting next_dagrun for retail_pipeline to 2026-05-13 00:00:00+00:00, run_after=2026-05-14 00:00:00+00:00
[2026-05-13T18:56:05.879+0000] {processor.py:183} INFO - Processing /opt/airflow/dags/retail_etl_dag.py took 0.125 seconds
[2026-05-13T18:56:36.386+0000] {processor.py:161} INFO - Started process (PID=141) to work on /opt/airflow/dags/retail_etl_dag.py
[2026-05-13T18:56:36.387+0000] {processor.py:830} INFO - Processing file /opt/airflow/dags/retail_etl_dag.py for tasks to queue
[2026-05-13T18:56:36.390+0000] {logging_mixin.py:188} INFO - [2026-05-13T18:56:36.389+0000] {dagbag.py:545} INFO - Filling up the DagBag from /opt/airflow/dags/retail_etl_dag.py
[2026-05-13T18:56:36.422+0000] {processor.py:840} INFO - DAG(s) 'retail_pipeline' retrieved from /opt/airflow/dags/retail_etl_dag.py
[2026-05-13T18:56:36.458+0000] {logging_mixin.py:188} INFO - [2026-05-13T18:56:36.458+0000] {dag.py:3096} INFO - Sync 1 DAGs
[2026-05-13T18:56:36.487+0000] {logging_mixin.py:188} INFO - [2026-05-13T18:56:36.487+0000] {dag.py:3954} INFO - Setting next_dagrun for retail_pipeline to 2026-05-13 00:00:00+00:00, run_after=2026-05-14 00:00:00+00:00
[2026-05-13T18:56:36.511+0000] {processor.py:183} INFO - Processing /opt/airflow/dags/retail_etl_dag.py took 0.133 seconds
[2026-05-13T18:57:06.865+0000] {processor.py:161} INFO - Started process (PID=142) to work on /opt/airflow/dags/retail_etl_dag.py
[2026-05-13T18:57:06.866+0000] {processor.py:830} INFO - Processing file /opt/airflow/dags/retail_etl_dag.py for tasks to queue
[2026-05-13T18:57:06.868+0000] {logging_mixin.py:188} INFO - [2026-05-13T18:57:06.868+0000] {dagbag.py:545} INFO - Filling up the DagBag from /opt/airflow/dags/retail_etl_dag.py
[2026-05-13T18:57:06.892+0000] {processor.py:840} INFO - DAG(s) 'retail_pipeline' retrieved from /opt/airflow/dags/retail_etl_dag.py
[2026-05-13T18:57:06.928+0000] {logging_mixin.py:188} INFO - [2026-05-13T18:57:06.928+0000] {dag.py:3096} INFO - Sync 1 DAGs
[2026-05-13T18:57:06.956+0000] {logging_mixin.py:188} INFO - [2026-05-13T18:57:06.955+0000] {dag.py:3954} INFO - Setting next_dagrun for retail_pipeline to 2026-05-13 00:00:00+00:00, run_after=2026-05-14 00:00:00+00:00
[2026-05-13T18:57:06.981+0000] {processor.py:183} INFO - Processing /opt/airflow/dags/retail_etl_dag.py took 0.124 seconds
[2026-05-13T18:57:37.534+0000] {processor.py:161} INFO - Started process (PID=143) to work on /opt/airflow/dags/retail_etl_dag.py
[2026-05-13T18:57:37.536+0000] {processor.py:830} INFO - Processing file /opt/airflow/dags/retail_etl_dag.py for tasks to queue
[2026-05-13T18:57:37.539+0000] {logging_mixin.py:188} INFO - [2026-05-13T18:57:37.538+0000] {dagbag.py:545} INFO - Filling up the DagBag from /opt/airflow/dags/retail_etl_dag.py
[2026-05-13T18:57:37.564+0000] {processor.py:840} INFO - DAG(s) 'retail_pipeline' retrieved from /opt/airflow/dags/retail_etl_dag.py
[2026-05-13T18:57:37.612+0000] {logging_mixin.py:188} INFO - [2026-05-13T18:57:37.612+0000] {dag.py:3096} INFO - Sync 1 DAGs
[2026-05-13T18:57:37.665+0000] {logging_mixin.py:188} INFO - [2026-05-13T18:57:37.665+0000] {dag.py:3954} INFO - Setting next_dagrun for retail_pipeline to 2026-05-13 00:00:00+00:00, run_after=2026-05-14 00:00:00+00:00
[2026-05-13T18:57:37.696+0000] {processor.py:183} INFO - Processing /opt/airflow/dags/retail_etl_dag.py took 0.169 seconds
[2026-05-13T18:58:08.104+0000] {processor.py:161} INFO - Started process (PID=144) to work on /opt/airflow/dags/retail_etl_dag.py
[2026-05-13T18:58:08.107+0000] {processor.py:830} INFO - Processing file /opt/airflow/dags/retail_etl_dag.py for tasks to queue
[2026-05-13T18:58:08.111+0000] {logging_mixin.py:188} INFO - [2026-05-13T18:58:08.110+0000] {dagbag.py:545} INFO - Filling up the DagBag from /opt/airflow/dags/retail_etl_dag.py
[2026-05-13T18:58:08.155+0000] {processor.py:840} INFO - DAG(s) 'retail_pipeline' retrieved from /opt/airflow/dags/retail_etl_dag.py
[2026-05-13T18:58:08.207+0000] {logging_mixin.py:188} INFO - [2026-05-13T18:58:08.207+0000] {dag.py:3096} INFO - Sync 1 DAGs
[2026-05-13T18:58:08.245+0000] {logging_mixin.py:188} INFO - [2026-05-13T18:58:08.245+0000] {dag.py:3954} INFO - Setting next_dagrun for retail_pipeline to 2026-05-13 00:00:00+00:00, run_after=2026-05-14 00:00:00+00:00
[2026-05-13T18:58:08.277+0000] {processor.py:183} INFO - Processing /opt/airflow/dags/retail_etl_dag.py took 0.184 seconds
[2026-05-13T18:58:38.569+0000] {processor.py:161} INFO - Started process (PID=145) to work on /opt/airflow/dags/retail_etl_dag.py
[2026-05-13T18:58:38.570+0000] {processor.py:830} INFO - Processing file /opt/airflow/dags/retail_etl_dag.py for tasks to queue
[2026-05-13T18:58:38.572+0000] {logging_mixin.py:188} INFO - [2026-05-13T18:58:38.572+0000] {dagbag.py:545} INFO - Filling up the DagBag from /opt/airflow/dags/retail_etl_dag.py
[2026-05-13T18:58:38.598+0000] {processor.py:840} INFO - DAG(s) 'retail_pipeline' retrieved from /opt/airflow/dags/retail_etl_dag.py
[2026-05-13T18:58:38.635+0000] {logging_mixin.py:188} INFO - [2026-05-13T18:58:38.635+0000] {dag.py:3096} INFO - Sync 1 DAGs
[2026-05-13T18:58:38.662+0000] {logging_mixin.py:188} INFO - [2026-05-13T18:58:38.662+0000] {dag.py:3954} INFO - Setting next_dagrun for retail_pipeline to 2026-05-13 00:00:00+00:00, run_after=2026-05-14 00:00:00+00:00
[2026-05-13T18:58:38.687+0000] {processor.py:183} INFO - Processing /opt/airflow/dags/retail_etl_dag.py took 0.125 seconds
[2026-05-13T18:59:09.073+0000] {processor.py:161} INFO - Started process (PID=146) to work on /opt/airflow/dags/retail_etl_dag.py
[2026-05-13T18:59:09.074+0000] {processor.py:830} INFO - Processing file /opt/airflow/dags/retail_etl_dag.py for tasks to queue
[2026-05-13T18:59:09.077+0000] {logging_mixin.py:188} INFO - [2026-05-13T18:59:09.076+0000] {dagbag.py:545} INFO - Filling up the DagBag from /opt/airflow/dags/retail_etl_dag.py
[2026-05-13T18:59:09.106+0000] {processor.py:840} INFO - DAG(s) 'retail_pipeline' retrieved from /opt/airflow/dags/retail_etl_dag.py
[2026-05-13T18:59:09.150+0000] {logging_mixin.py:188} INFO - [2026-05-13T18:59:09.150+0000] {dag.py:3096} INFO - Sync 1 DAGs
[2026-05-13T18:59:09.184+0000] {logging_mixin.py:188} INFO - [2026-05-13T18:59:09.184+0000] {dag.py:3954} INFO - Setting next_dagrun for retail_pipeline to 2026-05-13 00:00:00+00:00, run_after=2026-05-14 00:00:00+00:00
[2026-05-13T18:59:09.211+0000] {processor.py:183} INFO - Processing /opt/airflow/dags/retail_etl_dag.py took 0.146 seconds
[2026-05-13T18:59:39.695+0000] {processor.py:161} INFO - Started process (PID=147) to work on /opt/airflow/dags/retail_etl_dag.py
[2026-05-13T18:59:39.697+0000] {processor.py:830} INFO - Processing file /opt/airflow/dags/retail_etl_dag.py for tasks to queue
[2026-05-13T18:59:39.699+0000] {logging_mixin.py:188} INFO - [2026-05-13T18:59:39.699+0000] {dagbag.py:545} INFO - Filling up the DagBag from /opt/airflow/dags/retail_etl_dag.py
[2026-05-13T18:59:39.724+0000] {processor.py:840} INFO - DAG(s) 'retail_pipeline' retrieved from /opt/airflow/dags/retail_etl_dag.py
[2026-05-13T18:59:39.763+0000] {logging_mixin.py:188} INFO - [2026-05-13T18:59:39.762+0000] {dag.py:3096} INFO - Sync 1 DAGs
[2026-05-13T18:59:39.794+0000] {logging_mixin.py:188} INFO - [2026-05-13T18:59:39.794+0000] {dag.py:3954} INFO - Setting next_dagrun for retail_pipeline to 2026-05-13 00:00:00+00:00, run_after=2026-05-14 00:00:00+00:00
[2026-05-13T18:59:39.819+0000] {processor.py:183} INFO - Processing /opt/airflow/dags/retail_etl_dag.py took 0.130 seconds
[2026-05-13T19:00:10.232+0000] {processor.py:161} INFO - Started process (PID=148) to work on /opt/airflow/dags/retail_etl_dag.py
[2026-05-13T19:00:10.233+0000] {processor.py:830} INFO - Processing file /opt/airflow/dags/retail_etl_dag.py for tasks to queue
[2026-05-13T19:00:10.237+0000] {logging_mixin.py:188} INFO - [2026-05-13T19:00:10.236+0000] {dagbag.py:545} INFO - Filling up the DagBag from /opt/airflow/dags/retail_etl_dag.py
[2026-05-13T19:00:10.268+0000] {processor.py:840} INFO - DAG(s) 'retail_pipeline' retrieved from /opt/airflow/dags/retail_etl_dag.py
[2026-05-13T19:00:10.319+0000] {logging_mixin.py:188} INFO - [2026-05-13T19:00:10.318+0000] {dag.py:3096} INFO - Sync 1 DAGs
[2026-05-13T19:00:10.358+0000] {logging_mixin.py:188} INFO - [2026-05-13T19:00:10.358+0000] {dag.py:3954} INFO - Setting next_dagrun for retail_pipeline to 2026-05-13 00:00:00+00:00, run_after=2026-05-14 00:00:00+00:00
[2026-05-13T19:00:10.389+0000] {processor.py:183} INFO - Processing /opt/airflow/dags/retail_etl_dag.py took 0.164 seconds
[2026-05-13T19:00:40.812+0000] {processor.py:161} INFO - Started process (PID=149) to work on /opt/airflow/dags/retail_etl_dag.py
[2026-05-13T19:00:40.814+0000] {processor.py:830} INFO - Processing file /opt/airflow/dags/retail_etl_dag.py for tasks to queue
[2026-05-13T19:00:40.816+0000] {logging_mixin.py:188} INFO - [2026-05-13T19:00:40.816+0000] {dagbag.py:545} INFO - Filling up the DagBag from /opt/airflow/dags/retail_etl_dag.py
[2026-05-13T19:00:40.846+0000] {processor.py:840} INFO - DAG(s) 'retail_pipeline' retrieved from /opt/airflow/dags/retail_etl_dag.py
[2026-05-13T19:00:40.885+0000] {logging_mixin.py:188} INFO - [2026-05-13T19:00:40.885+0000] {dag.py:3096} INFO - Sync 1 DAGs
[2026-05-13T19:00:40.916+0000] {logging_mixin.py:188} INFO - [2026-05-13T19:00:40.916+0000] {dag.py:3954} INFO - Setting next_dagrun for retail_pipeline to 2026-05-13 00:00:00+00:00, run_after=2026-05-14 00:00:00+00:00
[2026-05-13T19:00:40.942+0000] {processor.py:183} INFO - Processing /opt/airflow/dags/retail_etl_dag.py took 0.137 seconds
[2026-05-13T19:01:11.380+0000] {processor.py:161} INFO - Started process (PID=150) to work on /opt/airflow/dags/retail_etl_dag.py
[2026-05-13T19:01:11.382+0000] {processor.py:830} INFO - Processing file /opt/airflow/dags/retail_etl_dag.py for tasks to queue
[2026-05-13T19:01:11.384+0000] {logging_mixin.py:188} INFO - [2026-05-13T19:01:11.384+0000] {dagbag.py:545} INFO - Filling up the DagBag from /opt/airflow/dags/retail_etl_dag.py
[2026-05-13T19:01:11.412+0000] {processor.py:840} INFO - DAG(s) 'retail_pipeline' retrieved from /opt/airflow/dags/retail_etl_dag.py
[2026-05-13T19:01:11.452+0000] {logging_mixin.py:188} INFO - [2026-05-13T19:01:11.452+0000] {dag.py:3096} INFO - Sync 1 DAGs
[2026-05-13T19:01:11.483+0000] {logging_mixin.py:188} INFO - [2026-05-13T19:01:11.482+0000] {dag.py:3954} INFO - Setting next_dagrun for retail_pipeline to 2026-05-13 00:00:00+00:00, run_after=2026-05-14 00:00:00+00:00
[2026-05-13T19:01:11.508+0000] {processor.py:183} INFO - Processing /opt/airflow/dags/retail_etl_dag.py took 0.135 seconds
[2026-05-13T19:01:41.917+0000] {processor.py:161} INFO - Started process (PID=151) to work on /opt/airflow/dags/retail_etl_dag.py
[2026-05-13T19:01:41.919+0000] {processor.py:830} INFO - Processing file /opt/airflow/dags/retail_etl_dag.py for tasks to queue
[2026-05-13T19:01:41.921+0000] {logging_mixin.py:188} INFO - [2026-05-13T19:01:41.921+0000] {dagbag.py:545} INFO - Filling up the DagBag from /opt/airflow/dags/retail_etl_dag.py
[2026-05-13T19:01:41.950+0000] {processor.py:840} INFO - DAG(s) 'retail_pipeline' retrieved from /opt/airflow/dags/retail_etl_dag.py
[2026-05-13T19:01:41.991+0000] {logging_mixin.py:188} INFO - [2026-05-13T19:01:41.991+0000] {dag.py:3096} INFO - Sync 1 DAGs
[2026-05-13T19:01:42.021+0000] {logging_mixin.py:188} INFO - [2026-05-13T19:01:42.020+0000] {dag.py:3954} INFO - Setting next_dagrun for retail_pipeline to 2026-05-13 00:00:00+00:00, run_after=2026-05-14 00:00:00+00:00
[2026-05-13T19:01:42.045+0000] {processor.py:183} INFO - Processing /opt/airflow/dags/retail_etl_dag.py took 0.135 seconds
[2026-05-13T19:02:12.749+0000] {processor.py:161} INFO - Started process (PID=152) to work on /opt/airflow/dags/retail_etl_dag.py
[2026-05-13T19:02:12.750+0000] {processor.py:830} INFO - Processing file /opt/airflow/dags/retail_etl_dag.py for tasks to queue
[2026-05-13T19:02:12.753+0000] {logging_mixin.py:188} INFO - [2026-05-13T19:02:12.752+0000] {dagbag.py:545} INFO - Filling up the DagBag from /opt/airflow/dags/retail_etl_dag.py
[2026-05-13T19:02:12.783+0000] {processor.py:840} INFO - DAG(s) 'retail_pipeline' retrieved from /opt/airflow/dags/retail_etl_dag.py
[2026-05-13T19:02:12.824+0000] {logging_mixin.py:188} INFO - [2026-05-13T19:02:12.823+0000] {dag.py:3096} INFO - Sync 1 DAGs
[2026-05-13T19:02:12.853+0000] {logging_mixin.py:188} INFO - [2026-05-13T19:02:12.853+0000] {dag.py:3954} INFO - Setting next_dagrun for retail_pipeline to 2026-05-13 00:00:00+00:00, run_after=2026-05-14 00:00:00+00:00
[2026-05-13T19:02:12.881+0000] {processor.py:183} INFO - Processing /opt/airflow/dags/retail_etl_dag.py took 0.140 seconds
[2026-05-13T19:02:43.273+0000] {processor.py:161} INFO - Started process (PID=153) to work on /opt/airflow/dags/retail_etl_dag.py
[2026-05-13T19:02:43.274+0000] {processor.py:830} INFO - Processing file /opt/airflow/dags/retail_etl_dag.py for tasks to queue
[2026-05-13T19:02:43.279+0000] {logging_mixin.py:188} INFO - [2026-05-13T19:02:43.278+0000] {dagbag.py:545} INFO - Filling up the DagBag from /opt/airflow/dags/retail_etl_dag.py
[2026-05-13T19:02:43.326+0000] {processor.py:840} INFO - DAG(s) 'retail_pipeline' retrieved from /opt/airflow/dags/retail_etl_dag.py
[2026-05-13T19:02:43.386+0000] {logging_mixin.py:188} INFO - [2026-05-13T19:02:43.385+0000] {dag.py:3096} INFO - Sync 1 DAGs
[2026-05-13T19:02:43.423+0000] {logging_mixin.py:188} INFO - [2026-05-13T19:02:43.422+0000] {dag.py:3954} INFO - Setting next_dagrun for retail_pipeline to 2026-05-13 00:00:00+00:00, run_after=2026-05-14 00:00:00+00:00
[2026-05-13T19:02:43.455+0000] {processor.py:183} INFO - Processing /opt/airflow/dags/retail_etl_dag.py took 0.192 seconds
[2026-05-13T19:03:14.033+0000] {processor.py:161} INFO - Started process (PID=154) to work on /opt/airflow/dags/retail_etl_dag.py
[2026-05-13T19:03:14.036+0000] {processor.py:830} INFO - Processing file /opt/airflow/dags/retail_etl_dag.py for tasks to queue
[2026-05-13T19:03:14.041+0000] {logging_mixin.py:188} INFO - [2026-05-13T19:03:14.040+0000] {dagbag.py:545} INFO - Filling up the DagBag from /opt/airflow/dags/retail_etl_dag.py
[2026-05-13T19:03:14.095+0000] {processor.py:840} INFO - DAG(s) 'retail_pipeline' retrieved from /opt/airflow/dags/retail_etl_dag.py
[2026-05-13T19:03:14.135+0000] {logging_mixin.py:188} INFO - [2026-05-13T19:03:14.134+0000] {dag.py:3096} INFO - Sync 1 DAGs
[2026-05-13T19:03:14.166+0000] {logging_mixin.py:188} INFO - [2026-05-13T19:03:14.166+0000] {dag.py:3954} INFO - Setting next_dagrun for retail_pipeline to 2026-05-13 00:00:00+00:00, run_after=2026-05-14 00:00:00+00:00
[2026-05-13T19:03:14.193+0000] {processor.py:183} INFO - Processing /opt/airflow/dags/retail_etl_dag.py took 0.173 seconds
[2026-05-13T19:03:44.893+0000] {processor.py:161} INFO - Started process (PID=155) to work on /opt/airflow/dags/retail_etl_dag.py
[2026-05-13T19:03:44.898+0000] {processor.py:830} INFO - Processing file /opt/airflow/dags/retail_etl_dag.py for tasks to queue
[2026-05-13T19:03:44.903+0000] {logging_mixin.py:188} INFO - [2026-05-13T19:03:44.902+0000] {dagbag.py:545} INFO - Filling up the DagBag from /opt/airflow/dags/retail_etl_dag.py
[2026-05-13T19:03:44.942+0000] {processor.py:840} INFO - DAG(s) 'retail_pipeline' retrieved from /opt/airflow/dags/retail_etl_dag.py
[2026-05-13T19:03:44.995+0000] {logging_mixin.py:188} INFO - [2026-05-13T19:03:44.995+0000] {dag.py:3096} INFO - Sync 1 DAGs
[2026-05-13T19:03:45.032+0000] {logging_mixin.py:188} INFO - [2026-05-13T19:03:45.032+0000] {dag.py:3954} INFO - Setting next_dagrun for retail_pipeline to 2026-05-13 00:00:00+00:00, run_after=2026-05-14 00:00:00+00:00
[2026-05-13T19:03:45.057+0000] {processor.py:183} INFO - Processing /opt/airflow/dags/retail_etl_dag.py took 0.176 seconds
[2026-05-13T19:04:15.600+0000] {processor.py:161} INFO - Started process (PID=156) to work on /opt/airflow/dags/retail_etl_dag.py
[2026-05-13T19:04:15.602+0000] {processor.py:830} INFO - Processing file /opt/airflow/dags/retail_etl_dag.py for tasks to queue
[2026-05-13T19:04:15.604+0000] {logging_mixin.py:188} INFO - [2026-05-13T19:04:15.603+0000] {dagbag.py:545} INFO - Filling up the DagBag from /opt/airflow/dags/retail_etl_dag.py
[2026-05-13T19:04:15.711+0000] {processor.py:840} INFO - DAG(s) 'retail_pipeline' retrieved from /opt/airflow/dags/retail_etl_dag.py
[2026-05-13T19:04:15.756+0000] {logging_mixin.py:188} INFO - [2026-05-13T19:04:15.756+0000] {dag.py:3096} INFO - Sync 1 DAGs
[2026-05-13T19:04:15.784+0000] {logging_mixin.py:188} INFO - [2026-05-13T19:04:15.784+0000] {dag.py:3954} INFO - Setting next_dagrun for retail_pipeline to 2026-05-13 00:00:00+00:00, run_after=2026-05-14 00:00:00+00:00
[2026-05-13T19:04:15.810+0000] {processor.py:183} INFO - Processing /opt/airflow/dags/retail_etl_dag.py took 0.218 seconds
[2026-05-13T19:04:46.364+0000] {processor.py:161} INFO - Started process (PID=157) to work on /opt/airflow/dags/retail_etl_dag.py
[2026-05-13T19:04:46.365+0000] {processor.py:830} INFO - Processing file /opt/airflow/dags/retail_etl_dag.py for tasks to queue
[2026-05-13T19:04:46.368+0000] {logging_mixin.py:188} INFO - [2026-05-13T19:04:46.367+0000] {dagbag.py:545} INFO - Filling up the DagBag from /opt/airflow/dags/retail_etl_dag.py
[2026-05-13T19:04:46.398+0000] {processor.py:840} INFO - DAG(s) 'retail_pipeline' retrieved from /opt/airflow/dags/retail_etl_dag.py
[2026-05-13T19:04:46.435+0000] {logging_mixin.py:188} INFO - [2026-05-13T19:04:46.435+0000] {dag.py:3096} INFO - Sync 1 DAGs
[2026-05-13T19:04:46.474+0000] {logging_mixin.py:188} INFO - [2026-05-13T19:04:46.473+0000] {dag.py:3954} INFO - Setting next_dagrun for retail_pipeline to 2026-05-13 00:00:00+00:00, run_after=2026-05-14 00:00:00+00:00
[2026-05-13T19:04:46.500+0000] {processor.py:183} INFO - Processing /opt/airflow/dags/retail_etl_dag.py took 0.143 seconds
[2026-05-13T19:05:17.119+0000] {processor.py:161} INFO - Started process (PID=158) to work on /opt/airflow/dags/retail_etl_dag.py
[2026-05-13T19:05:17.121+0000] {processor.py:830} INFO - Processing file /opt/airflow/dags/retail_etl_dag.py for tasks to queue
[2026-05-13T19:05:17.123+0000] {logging_mixin.py:188} INFO - [2026-05-13T19:05:17.123+0000] {dagbag.py:545} INFO - Filling up the DagBag from /opt/airflow/dags/retail_etl_dag.py
[2026-05-13T19:05:17.156+0000] {processor.py:840} INFO - DAG(s) 'retail_pipeline' retrieved from /opt/airflow/dags/retail_etl_dag.py
[2026-05-13T19:05:17.208+0000] {logging_mixin.py:188} INFO - [2026-05-13T19:05:17.207+0000] {dag.py:3096} INFO - Sync 1 DAGs
[2026-05-13T19:05:17.258+0000] {logging_mixin.py:188} INFO - [2026-05-13T19:05:17.258+0000] {dag.py:3954} INFO - Setting next_dagrun for retail_pipeline to 2026-05-13 00:00:00+00:00, run_after=2026-05-14 00:00:00+00:00
[2026-05-13T19:05:17.312+0000] {processor.py:183} INFO - Processing /opt/airflow/dags/retail_etl_dag.py took 0.201 seconds
[2026-05-13T19:05:47.810+0000] {processor.py:161} INFO - Started process (PID=159) to work on /opt/airflow/dags/retail_etl_dag.py
[2026-05-13T19:05:47.811+0000] {processor.py:830} INFO - Processing file /opt/airflow/dags/retail_etl_dag.py for tasks to queue
[2026-05-13T19:05:47.815+0000] {logging_mixin.py:188} INFO - [2026-05-13T19:05:47.815+0000] {dagbag.py:545} INFO - Filling up the DagBag from /opt/airflow/dags/retail_etl_dag.py
[2026-05-13T19:05:47.842+0000] {processor.py:840} INFO - DAG(s) 'retail_pipeline' retrieved from /opt/airflow/dags/retail_etl_dag.py
[2026-05-13T19:05:47.883+0000] {logging_mixin.py:188} INFO - [2026-05-13T19:05:47.882+0000] {dag.py:3096} INFO - Sync 1 DAGs
[2026-05-13T19:05:47.915+0000] {logging_mixin.py:188} INFO - [2026-05-13T19:05:47.914+0000] {dag.py:3954} INFO - Setting next_dagrun for retail_pipeline to 2026-05-13 00:00:00+00:00, run_after=2026-05-14 00:00:00+00:00
[2026-05-13T19:05:47.946+0000] {processor.py:183} INFO - Processing /opt/airflow/dags/retail_etl_dag.py took 0.145 seconds
[2026-05-13T19:06:18.306+0000] {processor.py:161} INFO - Started process (PID=160) to work on /opt/airflow/dags/retail_etl_dag.py
[2026-05-13T19:06:18.307+0000] {processor.py:830} INFO - Processing file /opt/airflow/dags/retail_etl_dag.py for tasks to queue
[2026-05-13T19:06:18.309+0000] {logging_mixin.py:188} INFO - [2026-05-13T19:06:18.309+0000] {dagbag.py:545} INFO - Filling up the DagBag from /opt/airflow/dags/retail_etl_dag.py
[2026-05-13T19:06:18.339+0000] {processor.py:840} INFO - DAG(s) 'retail_pipeline' retrieved from /opt/airflow/dags/retail_etl_dag.py
[2026-05-13T19:06:18.381+0000] {logging_mixin.py:188} INFO - [2026-05-13T19:06:18.381+0000] {dag.py:3096} INFO - Sync 1 DAGs
[2026-05-13T19:06:18.412+0000] {logging_mixin.py:188} INFO - [2026-05-13T19:06:18.412+0000] {dag.py:3954} INFO - Setting next_dagrun for retail_pipeline to 2026-05-13 00:00:00+00:00, run_after=2026-05-14 00:00:00+00:00
[2026-05-13T19:06:18.438+0000] {processor.py:183} INFO - Processing /opt/airflow/dags/retail_etl_dag.py took 0.141 seconds
[2026-05-13T19:06:48.890+0000] {processor.py:161} INFO - Started process (PID=161) to work on /opt/airflow/dags/retail_etl_dag.py
[2026-05-13T19:06:48.891+0000] {processor.py:830} INFO - Processing file /opt/airflow/dags/retail_etl_dag.py for tasks to queue
[2026-05-13T19:06:48.893+0000] {logging_mixin.py:188} INFO - [2026-05-13T19:06:48.893+0000] {dagbag.py:545} INFO - Filling up the DagBag from /opt/airflow/dags/retail_etl_dag.py
[2026-05-13T19:06:48.921+0000] {processor.py:840} INFO - DAG(s) 'retail_pipeline' retrieved from /opt/airflow/dags/retail_etl_dag.py
[2026-05-13T19:06:48.962+0000] {logging_mixin.py:188} INFO - [2026-05-13T19:06:48.962+0000] {dag.py:3096} INFO - Sync 1 DAGs
[2026-05-13T19:06:48.992+0000] {logging_mixin.py:188} INFO - [2026-05-13T19:06:48.992+0000] {dag.py:3954} INFO - Setting next_dagrun for retail_pipeline to 2026-05-13 00:00:00+00:00, run_after=2026-05-14 00:00:00+00:00
[2026-05-13T19:06:49.017+0000] {processor.py:183} INFO - Processing /opt/airflow/dags/retail_etl_dag.py took 0.135 seconds
[2026-05-13T19:07:19.461+0000] {processor.py:161} INFO - Started process (PID=162) to work on /opt/airflow/dags/retail_etl_dag.py
[2026-05-13T19:07:19.466+0000] {processor.py:830} INFO - Processing file /opt/airflow/dags/retail_etl_dag.py for tasks to queue
[2026-05-13T19:07:19.472+0000] {logging_mixin.py:188} INFO - [2026-05-13T19:07:19.471+0000] {dagbag.py:545} INFO - Filling up the DagBag from /opt/airflow/dags/retail_etl_dag.py
[2026-05-13T19:07:19.536+0000] {processor.py:840} INFO - DAG(s) 'retail_pipeline' retrieved from /opt/airflow/dags/retail_etl_dag.py
[2026-05-13T19:07:19.595+0000] {logging_mixin.py:188} INFO - [2026-05-13T19:07:19.594+0000] {dag.py:3096} INFO - Sync 1 DAGs
[2026-05-13T19:07:19.636+0000] {logging_mixin.py:188} INFO - [2026-05-13T19:07:19.636+0000] {dag.py:3954} INFO - Setting next_dagrun for retail_pipeline to 2026-05-13 00:00:00+00:00, run_after=2026-05-14 00:00:00+00:00
[2026-05-13T19:07:19.675+0000] {processor.py:183} INFO - Processing /opt/airflow/dags/retail_etl_dag.py took 0.255 seconds
[2026-05-13T19:07:50.022+0000] {processor.py:161} INFO - Started process (PID=163) to work on /opt/airflow/dags/retail_etl_dag.py
[2026-05-13T19:07:50.024+0000] {processor.py:830} INFO - Processing file /opt/airflow/dags/retail_etl_dag.py for tasks to queue
[2026-05-13T19:07:50.029+0000] {logging_mixin.py:188} INFO - [2026-05-13T19:07:50.029+0000] {dagbag.py:545} INFO - Filling up the DagBag from /opt/airflow/dags/retail_etl_dag.py
[2026-05-13T19:07:50.077+0000] {processor.py:840} INFO - DAG(s) 'retail_pipeline' retrieved from /opt/airflow/dags/retail_etl_dag.py
[2026-05-13T19:07:50.133+0000] {logging_mixin.py:188} INFO - [2026-05-13T19:07:50.132+0000] {dag.py:3096} INFO - Sync 1 DAGs
[2026-05-13T19:07:50.173+0000] {logging_mixin.py:188} INFO - [2026-05-13T19:07:50.172+0000] {dag.py:3954} INFO - Setting next_dagrun for retail_pipeline to 2026-05-13 00:00:00+00:00, run_after=2026-05-14 00:00:00+00:00
[2026-05-13T19:07:50.211+0000] {processor.py:183} INFO - Processing /opt/airflow/dags/retail_etl_dag.py took 0.200 seconds
[2026-05-13T19:08:21.030+0000] {processor.py:161} INFO - Started process (PID=164) to work on /opt/airflow/dags/retail_etl_dag.py
[2026-05-13T19:08:21.032+0000] {processor.py:830} INFO - Processing file /opt/airflow/dags/retail_etl_dag.py for tasks to queue
[2026-05-13T19:08:21.041+0000] {logging_mixin.py:188} INFO - [2026-05-13T19:08:21.040+0000] {dagbag.py:545} INFO - Filling up the DagBag from /opt/airflow/dags/retail_etl_dag.py
[2026-05-13T19:08:21.109+0000] {processor.py:840} INFO - DAG(s) 'retail_pipeline' retrieved from /opt/airflow/dags/retail_etl_dag.py
[2026-05-13T19:08:21.158+0000] {logging_mixin.py:188} INFO - [2026-05-13T19:08:21.158+0000] {dag.py:3096} INFO - Sync 1 DAGs
[2026-05-13T19:08:21.188+0000] {logging_mixin.py:188} INFO - [2026-05-13T19:08:21.188+0000] {dag.py:3954} INFO - Setting next_dagrun for retail_pipeline to 2026-05-13 00:00:00+00:00, run_after=2026-05-14 00:00:00+00:00
[2026-05-13T19:08:21.219+0000] {processor.py:183} INFO - Processing /opt/airflow/dags/retail_etl_dag.py took 0.208 seconds
[2026-05-13T19:08:51.574+0000] {processor.py:161} INFO - Started process (PID=165) to work on /opt/airflow/dags/retail_etl_dag.py
[2026-05-13T19:08:51.575+0000] {processor.py:830} INFO - Processing file /opt/airflow/dags/retail_etl_dag.py for tasks to queue
[2026-05-13T19:08:51.585+0000] {logging_mixin.py:188} INFO - [2026-05-13T19:08:51.584+0000] {dagbag.py:545} INFO - Filling up the DagBag from /opt/airflow/dags/retail_etl_dag.py
[2026-05-13T19:08:51.619+0000] {processor.py:840} INFO - DAG(s) 'retail_pipeline' retrieved from /opt/airflow/dags/retail_etl_dag.py
[2026-05-13T19:08:51.680+0000] {logging_mixin.py:188} INFO - [2026-05-13T19:08:51.680+0000] {dag.py:3096} INFO - Sync 1 DAGs
[2026-05-13T19:08:51.734+0000] {logging_mixin.py:188} INFO - [2026-05-13T19:08:51.733+0000] {dag.py:3954} INFO - Setting next_dagrun for retail_pipeline to 2026-05-13 00:00:00+00:00, run_after=2026-05-14 00:00:00+00:00
[2026-05-13T19:08:51.755+0000] {processor.py:183} INFO - Processing /opt/airflow/dags/retail_etl_dag.py took 0.193 seconds
[2026-05-13T19:09:22.190+0000] {processor.py:161} INFO - Started process (PID=166) to work on /opt/airflow/dags/retail_etl_dag.py
[2026-05-13T19:09:22.192+0000] {processor.py:830} INFO - Processing file /opt/airflow/dags/retail_etl_dag.py for tasks to queue
[2026-05-13T19:09:22.194+0000] {logging_mixin.py:188} INFO - [2026-05-13T19:09:22.194+0000] {dagbag.py:545} INFO - Filling up the DagBag from /opt/airflow/dags/retail_etl_dag.py
[2026-05-13T19:09:22.224+0000] {processor.py:840} INFO - DAG(s) 'retail_pipeline' retrieved from /opt/airflow/dags/retail_etl_dag.py
[2026-05-13T19:09:22.258+0000] {logging_mixin.py:188} INFO - [2026-05-13T19:09:22.258+0000] {dag.py:3096} INFO - Sync 1 DAGs
[2026-05-13T19:09:22.286+0000] {logging_mixin.py:188} INFO - [2026-05-13T19:09:22.285+0000] {dag.py:3954} INFO - Setting next_dagrun for retail_pipeline to 2026-05-13 00:00:00+00:00, run_after=2026-05-14 00:00:00+00:00
[2026-05-13T19:09:22.310+0000] {processor.py:183} INFO - Processing /opt/airflow/dags/retail_etl_dag.py took 0.128 seconds
[2026-05-13T19:09:52.723+0000] {processor.py:161} INFO - Started process (PID=167) to work on /opt/airflow/dags/retail_etl_dag.py
[2026-05-13T19:09:52.725+0000] {processor.py:830} INFO - Processing file /opt/airflow/dags/retail_etl_dag.py for tasks to queue
[2026-05-13T19:09:52.728+0000] {logging_mixin.py:188} INFO - [2026-05-13T19:09:52.728+0000] {dagbag.py:545} INFO - Filling up the DagBag from /opt/airflow/dags/retail_etl_dag.py
[2026-05-13T19:09:52.756+0000] {processor.py:840} INFO - DAG(s) 'retail_pipeline' retrieved from /opt/airflow/dags/retail_etl_dag.py
[2026-05-13T19:09:52.794+0000] {logging_mixin.py:188} INFO - [2026-05-13T19:09:52.793+0000] {dag.py:3096} INFO - Sync 1 DAGs
[2026-05-13T19:09:52.820+0000] {logging_mixin.py:188} INFO - [2026-05-13T19:09:52.820+0000] {dag.py:3954} INFO - Setting next_dagrun for retail_pipeline to 2026-05-13 00:00:00+00:00, run_after=2026-05-14 00:00:00+00:00
[2026-05-13T19:09:52.846+0000] {processor.py:183} INFO - Processing /opt/airflow/dags/retail_etl_dag.py took 0.133 seconds
[2026-05-13T19:10:23.331+0000] {processor.py:161} INFO - Started process (PID=168) to work on /opt/airflow/dags/retail_etl_dag.py
[2026-05-13T19:10:23.333+0000] {processor.py:830} INFO - Processing file /opt/airflow/dags/retail_etl_dag.py for tasks to queue
[2026-05-13T19:10:23.337+0000] {logging_mixin.py:188} INFO - [2026-05-13T19:10:23.337+0000] {dagbag.py:545} INFO - Filling up the DagBag from /opt/airflow/dags/retail_etl_dag.py
[2026-05-13T19:10:23.387+0000] {processor.py:840} INFO - DAG(s) 'retail_pipeline' retrieved from /opt/airflow/dags/retail_etl_dag.py
[2026-05-13T19:10:23.472+0000] {logging_mixin.py:188} INFO - [2026-05-13T19:10:23.472+0000] {dag.py:3096} INFO - Sync 1 DAGs
[2026-05-13T19:10:23.538+0000] {logging_mixin.py:188} INFO - [2026-05-13T19:10:23.538+0000] {dag.py:3954} INFO - Setting next_dagrun for retail_pipeline to 2026-05-13 00:00:00+00:00, run_after=2026-05-14 00:00:00+00:00
[2026-05-13T19:10:23.579+0000] {processor.py:183} INFO - Processing /opt/airflow/dags/retail_etl_dag.py took 0.262 seconds
[2026-05-13T19:10:53.877+0000] {processor.py:161} INFO - Started process (PID=169) to work on /opt/airflow/dags/retail_etl_dag.py
[2026-05-13T19:10:53.879+0000] {processor.py:830} INFO - Processing file /opt/airflow/dags/retail_etl_dag.py for tasks to queue
[2026-05-13T19:10:53.881+0000] {logging_mixin.py:188} INFO - [2026-05-13T19:10:53.881+0000] {dagbag.py:545} INFO - Filling up the DagBag from /opt/airflow/dags/retail_etl_dag.py
[2026-05-13T19:10:53.913+0000] {processor.py:840} INFO - DAG(s) 'retail_pipeline' retrieved from /opt/airflow/dags/retail_etl_dag.py
[2026-05-13T19:10:53.950+0000] {logging_mixin.py:188} INFO - [2026-05-13T19:10:53.950+0000] {dag.py:3096} INFO - Sync 1 DAGs
[2026-05-13T19:10:53.979+0000] {logging_mixin.py:188} INFO - [2026-05-13T19:10:53.979+0000] {dag.py:3954} INFO - Setting next_dagrun for retail_pipeline to 2026-05-13 00:00:00+00:00, run_after=2026-05-14 00:00:00+00:00
[2026-05-13T19:10:54.003+0000] {processor.py:183} INFO - Processing /opt/airflow/dags/retail_etl_dag.py took 0.135 seconds
[2026-05-13T19:11:24.362+0000] {processor.py:161} INFO - Started process (PID=170) to work on /opt/airflow/dags/retail_etl_dag.py
[2026-05-13T19:11:24.364+0000] {processor.py:830} INFO - Processing file /opt/airflow/dags/retail_etl_dag.py for tasks to queue
[2026-05-13T19:11:24.366+0000] {logging_mixin.py:188} INFO - [2026-05-13T19:11:24.366+0000] {dagbag.py:545} INFO - Filling up the DagBag from /opt/airflow/dags/retail_etl_dag.py
[2026-05-13T19:11:24.397+0000] {processor.py:840} INFO - DAG(s) 'retail_pipeline' retrieved from /opt/airflow/dags/retail_etl_dag.py
[2026-05-13T19:11:24.444+0000] {logging_mixin.py:188} INFO - [2026-05-13T19:11:24.444+0000] {dag.py:3096} INFO - Sync 1 DAGs
[2026-05-13T19:11:24.474+0000] {logging_mixin.py:188} INFO - [2026-05-13T19:11:24.474+0000] {dag.py:3954} INFO - Setting next_dagrun for retail_pipeline to 2026-05-13 00:00:00+00:00, run_after=2026-05-14 00:00:00+00:00
[2026-05-13T19:11:24.503+0000] {processor.py:183} INFO - Processing /opt/airflow/dags/retail_etl_dag.py took 0.150 seconds
[2026-05-13T19:11:54.979+0000] {processor.py:161} INFO - Started process (PID=171) to work on /opt/airflow/dags/retail_etl_dag.py
[2026-05-13T19:11:54.980+0000] {processor.py:830} INFO - Processing file /opt/airflow/dags/retail_etl_dag.py for tasks to queue
[2026-05-13T19:11:54.984+0000] {logging_mixin.py:188} INFO - [2026-05-13T19:11:54.983+0000] {dagbag.py:545} INFO - Filling up the DagBag from /opt/airflow/dags/retail_etl_dag.py
[2026-05-13T19:11:55.039+0000] {processor.py:840} INFO - DAG(s) 'retail_pipeline' retrieved from /opt/airflow/dags/retail_etl_dag.py
[2026-05-13T19:11:55.103+0000] {logging_mixin.py:188} INFO - [2026-05-13T19:11:55.102+0000] {dag.py:3096} INFO - Sync 1 DAGs
[2026-05-13T19:11:55.163+0000] {logging_mixin.py:188} INFO - [2026-05-13T19:11:55.163+0000] {dag.py:3954} INFO - Setting next_dagrun for retail_pipeline to 2026-05-13 00:00:00+00:00, run_after=2026-05-14 00:00:00+00:00
[2026-05-13T19:11:55.197+0000] {processor.py:183} INFO - Processing /opt/airflow/dags/retail_etl_dag.py took 0.228 seconds
[2026-05-13T19:12:25.538+0000] {processor.py:161} INFO - Started process (PID=172) to work on /opt/airflow/dags/retail_etl_dag.py
[2026-05-13T19:12:25.540+0000] {processor.py:830} INFO - Processing file /opt/airflow/dags/retail_etl_dag.py for tasks to queue
[2026-05-13T19:12:25.543+0000] {logging_mixin.py:188} INFO - [2026-05-13T19:12:25.542+0000] {dagbag.py:545} INFO - Filling up the DagBag from /opt/airflow/dags/retail_etl_dag.py
[2026-05-13T19:12:25.570+0000] {processor.py:840} INFO - DAG(s) 'retail_pipeline' retrieved from /opt/airflow/dags/retail_etl_dag.py
[2026-05-13T19:12:25.607+0000] {logging_mixin.py:188} INFO - [2026-05-13T19:12:25.607+0000] {dag.py:3096} INFO - Sync 1 DAGs
[2026-05-13T19:12:25.639+0000] {logging_mixin.py:188} INFO - [2026-05-13T19:12:25.639+0000] {dag.py:3954} INFO - Setting next_dagrun for retail_pipeline to 2026-05-13 00:00:00+00:00, run_after=2026-05-14 00:00:00+00:00
[2026-05-13T19:12:25.667+0000] {processor.py:183} INFO - Processing /opt/airflow/dags/retail_etl_dag.py took 0.142 seconds
[2026-05-13T19:12:56.219+0000] {processor.py:161} INFO - Started process (PID=173) to work on /opt/airflow/dags/retail_etl_dag.py
[2026-05-13T19:12:56.220+0000] {processor.py:830} INFO - Processing file /opt/airflow/dags/retail_etl_dag.py for tasks to queue
[2026-05-13T19:12:56.223+0000] {logging_mixin.py:188} INFO - [2026-05-13T19:12:56.222+0000] {dagbag.py:545} INFO - Filling up the DagBag from /opt/airflow/dags/retail_etl_dag.py
[2026-05-13T19:12:56.248+0000] {processor.py:840} INFO - DAG(s) 'retail_pipeline' retrieved from /opt/airflow/dags/retail_etl_dag.py
[2026-05-13T19:12:56.284+0000] {logging_mixin.py:188} INFO - [2026-05-13T19:12:56.284+0000] {dag.py:3096} INFO - Sync 1 DAGs
[2026-05-13T19:12:56.315+0000] {logging_mixin.py:188} INFO - [2026-05-13T19:12:56.315+0000] {dag.py:3954} INFO - Setting next_dagrun for retail_pipeline to 2026-05-13 00:00:00+00:00, run_after=2026-05-14 00:00:00+00:00
[2026-05-13T19:12:56.343+0000] {processor.py:183} INFO - Processing /opt/airflow/dags/retail_etl_dag.py took 0.131 seconds
[2026-05-13T19:13:26.728+0000] {processor.py:161} INFO - Started process (PID=174) to work on /opt/airflow/dags/retail_etl_dag.py
[2026-05-13T19:13:26.729+0000] {processor.py:830} INFO - Processing file /opt/airflow/dags/retail_etl_dag.py for tasks to queue
[2026-05-13T19:13:26.731+0000] {logging_mixin.py:188} INFO - [2026-05-13T19:13:26.731+0000] {dagbag.py:545} INFO - Filling up the DagBag from /opt/airflow/dags/retail_etl_dag.py
[2026-05-13T19:13:26.768+0000] {processor.py:840} INFO - DAG(s) 'retail_pipeline' retrieved from /opt/airflow/dags/retail_etl_dag.py
[2026-05-13T19:13:26.840+0000] {logging_mixin.py:188} INFO - [2026-05-13T19:13:26.840+0000] {dag.py:3096} INFO - Sync 1 DAGs
[2026-05-13T19:13:26.888+0000] {logging_mixin.py:188} INFO - [2026-05-13T19:13:26.888+0000] {dag.py:3954} INFO - Setting next_dagrun for retail_pipeline to 2026-05-13 00:00:00+00:00, run_after=2026-05-14 00:00:00+00:00
[2026-05-13T19:13:26.920+0000] {processor.py:183} INFO - Processing /opt/airflow/dags/retail_etl_dag.py took 0.202 seconds
[2026-05-13T19:13:57.342+0000] {processor.py:161} INFO - Started process (PID=175) to work on /opt/airflow/dags/retail_etl_dag.py
[2026-05-13T19:13:57.344+0000] {processor.py:830} INFO - Processing file /opt/airflow/dags/retail_etl_dag.py for tasks to queue
[2026-05-13T19:13:57.346+0000] {logging_mixin.py:188} INFO - [2026-05-13T19:13:57.345+0000] {dagbag.py:545} INFO - Filling up the DagBag from /opt/airflow/dags/retail_etl_dag.py
[2026-05-13T19:13:57.374+0000] {processor.py:840} INFO - DAG(s) 'retail_pipeline' retrieved from /opt/airflow/dags/retail_etl_dag.py
[2026-05-13T19:13:57.411+0000] {logging_mixin.py:188} INFO - [2026-05-13T19:13:57.411+0000] {dag.py:3096} INFO - Sync 1 DAGs
[2026-05-13T19:13:57.439+0000] {logging_mixin.py:188} INFO - [2026-05-13T19:13:57.439+0000] {dag.py:3954} INFO - Setting next_dagrun for retail_pipeline to 2026-05-13 00:00:00+00:00, run_after=2026-05-14 00:00:00+00:00
[2026-05-13T19:13:57.464+0000] {processor.py:183} INFO - Processing /opt/airflow/dags/retail_etl_dag.py took 0.130 seconds
[2026-05-13T19:14:28.193+0000] {processor.py:161} INFO - Started process (PID=176) to work on /opt/airflow/dags/retail_etl_dag.py
[2026-05-13T19:14:28.200+0000] {processor.py:830} INFO - Processing file /opt/airflow/dags/retail_etl_dag.py for tasks to queue
[2026-05-13T19:14:28.210+0000] {logging_mixin.py:188} INFO - [2026-05-13T19:14:28.208+0000] {dagbag.py:545} INFO - Filling up the DagBag from /opt/airflow/dags/retail_etl_dag.py
[2026-05-13T19:14:28.242+0000] {processor.py:840} INFO - DAG(s) 'retail_pipeline' retrieved from /opt/airflow/dags/retail_etl_dag.py
[2026-05-13T19:14:28.289+0000] {logging_mixin.py:188} INFO - [2026-05-13T19:14:28.289+0000] {dag.py:3096} INFO - Sync 1 DAGs
[2026-05-13T19:14:28.334+0000] {logging_mixin.py:188} INFO - [2026-05-13T19:14:28.334+0000] {dag.py:3954} INFO - Setting next_dagrun for retail_pipeline to 2026-05-13 00:00:00+00:00, run_after=2026-05-14 00:00:00+00:00
[2026-05-13T19:14:28.364+0000] {processor.py:183} INFO - Processing /opt/airflow/dags/retail_etl_dag.py took 0.194 seconds
[2026-05-13T19:14:58.771+0000] {processor.py:161} INFO - Started process (PID=177) to work on /opt/airflow/dags/retail_etl_dag.py
[2026-05-13T19:14:58.772+0000] {processor.py:830} INFO - Processing file /opt/airflow/dags/retail_etl_dag.py for tasks to queue
[2026-05-13T19:14:58.775+0000] {logging_mixin.py:188} INFO - [2026-05-13T19:14:58.775+0000] {dagbag.py:545} INFO - Filling up the DagBag from /opt/airflow/dags/retail_etl_dag.py
[2026-05-13T19:14:58.806+0000] {processor.py:840} INFO - DAG(s) 'retail_pipeline' retrieved from /opt/airflow/dags/retail_etl_dag.py
[2026-05-13T19:14:58.848+0000] {logging_mixin.py:188} INFO - [2026-05-13T19:14:58.848+0000] {dag.py:3096} INFO - Sync 1 DAGs
[2026-05-13T19:14:58.880+0000] {logging_mixin.py:188} INFO - [2026-05-13T19:14:58.879+0000] {dag.py:3954} INFO - Setting next_dagrun for retail_pipeline to 2026-05-13 00:00:00+00:00, run_after=2026-05-14 00:00:00+00:00
[2026-05-13T19:14:58.907+0000] {processor.py:183} INFO - Processing /opt/airflow/dags/retail_etl_dag.py took 0.144 seconds
[2026-05-13T19:15:29.369+0000] {processor.py:161} INFO - Started process (PID=178) to work on /opt/airflow/dags/retail_etl_dag.py
[2026-05-13T19:15:29.371+0000] {processor.py:830} INFO - Processing file /opt/airflow/dags/retail_etl_dag.py for tasks to queue
[2026-05-13T19:15:29.374+0000] {logging_mixin.py:188} INFO - [2026-05-13T19:15:29.374+0000] {dagbag.py:545} INFO - Filling up the DagBag from /opt/airflow/dags/retail_etl_dag.py
[2026-05-13T19:15:29.408+0000] {processor.py:840} INFO - DAG(s) 'retail_pipeline' retrieved from /opt/airflow/dags/retail_etl_dag.py
[2026-05-13T19:15:29.456+0000] {logging_mixin.py:188} INFO - [2026-05-13T19:15:29.456+0000] {dag.py:3096} INFO - Sync 1 DAGs
[2026-05-13T19:15:29.488+0000] {logging_mixin.py:188} INFO - [2026-05-13T19:15:29.488+0000] {dag.py:3954} INFO - Setting next_dagrun for retail_pipeline to 2026-05-13 00:00:00+00:00, run_after=2026-05-14 00:00:00+00:00
[2026-05-13T19:15:29.517+0000] {processor.py:183} INFO - Processing /opt/airflow/dags/retail_etl_dag.py took 0.157 seconds
[2026-05-13T19:15:59.963+0000] {processor.py:161} INFO - Started process (PID=179) to work on /opt/airflow/dags/retail_etl_dag.py
[2026-05-13T19:15:59.965+0000] {processor.py:830} INFO - Processing file /opt/airflow/dags/retail_etl_dag.py for tasks to queue
[2026-05-13T19:15:59.975+0000] {logging_mixin.py:188} INFO - [2026-05-13T19:15:59.973+0000] {dagbag.py:545} INFO - Filling up the DagBag from /opt/airflow/dags/retail_etl_dag.py
[2026-05-13T19:16:00.015+0000] {processor.py:840} INFO - DAG(s) 'retail_pipeline' retrieved from /opt/airflow/dags/retail_etl_dag.py
[2026-05-13T19:16:00.061+0000] {logging_mixin.py:188} INFO - [2026-05-13T19:16:00.061+0000] {dag.py:3096} INFO - Sync 1 DAGs
[2026-05-13T19:16:00.099+0000] {logging_mixin.py:188} INFO - [2026-05-13T19:16:00.099+0000] {dag.py:3954} INFO - Setting next_dagrun for retail_pipeline to 2026-05-13 00:00:00+00:00, run_after=2026-05-14 00:00:00+00:00
[2026-05-13T19:16:00.131+0000] {processor.py:183} INFO - Processing /opt/airflow/dags/retail_etl_dag.py took 0.177 seconds
[2026-05-13T19:16:30.604+0000] {processor.py:161} INFO - Started process (PID=180) to work on /opt/airflow/dags/retail_etl_dag.py
[2026-05-13T19:16:30.606+0000] {processor.py:830} INFO - Processing file /opt/airflow/dags/retail_etl_dag.py for tasks to queue
[2026-05-13T19:16:30.609+0000] {logging_mixin.py:188} INFO - [2026-05-13T19:16:30.609+0000] {dagbag.py:545} INFO - Filling up the DagBag from /opt/airflow/dags/retail_etl_dag.py
[2026-05-13T19:16:30.636+0000] {processor.py:840} INFO - DAG(s) 'retail_pipeline' retrieved from /opt/airflow/dags/retail_etl_dag.py
[2026-05-13T19:16:30.674+0000] {logging_mixin.py:188} INFO - [2026-05-13T19:16:30.674+0000] {dag.py:3096} INFO - Sync 1 DAGs
[2026-05-13T19:16:30.704+0000] {logging_mixin.py:188} INFO - [2026-05-13T19:16:30.704+0000] {dag.py:3954} INFO - Setting next_dagrun for retail_pipeline to 2026-05-13 00:00:00+00:00, run_after=2026-05-14 00:00:00+00:00
[2026-05-13T19:16:30.729+0000] {processor.py:183} INFO - Processing /opt/airflow/dags/retail_etl_dag.py took 0.132 seconds
[2026-05-13T19:17:01.119+0000] {processor.py:161} INFO - Started process (PID=181) to work on /opt/airflow/dags/retail_etl_dag.py
[2026-05-13T19:17:01.122+0000] {processor.py:830} INFO - Processing file /opt/airflow/dags/retail_etl_dag.py for tasks to queue
[2026-05-13T19:17:01.127+0000] {logging_mixin.py:188} INFO - [2026-05-13T19:17:01.126+0000] {dagbag.py:545} INFO - Filling up the DagBag from /opt/airflow/dags/retail_etl_dag.py
[2026-05-13T19:17:01.166+0000] {processor.py:840} INFO - DAG(s) 'retail_pipeline' retrieved from /opt/airflow/dags/retail_etl_dag.py
[2026-05-13T19:17:01.218+0000] {logging_mixin.py:188} INFO - [2026-05-13T19:17:01.217+0000] {dag.py:3096} INFO - Sync 1 DAGs
[2026-05-13T19:17:01.250+0000] {logging_mixin.py:188} INFO - [2026-05-13T19:17:01.250+0000] {dag.py:3954} INFO - Setting next_dagrun for retail_pipeline to 2026-05-13 00:00:00+00:00, run_after=2026-05-14 00:00:00+00:00
[2026-05-13T19:17:01.278+0000] {processor.py:183} INFO - Processing /opt/airflow/dags/retail_etl_dag.py took 0.182 seconds
[2026-05-13T19:17:31.772+0000] {processor.py:161} INFO - Started process (PID=182) to work on /opt/airflow/dags/retail_etl_dag.py
[2026-05-13T19:17:31.774+0000] {processor.py:830} INFO - Processing file /opt/airflow/dags/retail_etl_dag.py for tasks to queue
[2026-05-13T19:17:31.776+0000] {logging_mixin.py:188} INFO - [2026-05-13T19:17:31.776+0000] {dagbag.py:545} INFO - Filling up the DagBag from /opt/airflow/dags/retail_etl_dag.py
[2026-05-13T19:17:31.817+0000] {processor.py:840} INFO - DAG(s) 'retail_pipeline' retrieved from /opt/airflow/dags/retail_etl_dag.py
[2026-05-13T19:17:31.852+0000] {logging_mixin.py:188} INFO - [2026-05-13T19:17:31.852+0000] {dag.py:3096} INFO - Sync 1 DAGs
[2026-05-13T19:17:31.882+0000] {logging_mixin.py:188} INFO - [2026-05-13T19:17:31.882+0000] {dag.py:3954} INFO - Setting next_dagrun for retail_pipeline to 2026-05-13 00:00:00+00:00, run_after=2026-05-14 00:00:00+00:00
[2026-05-13T19:17:31.908+0000] {processor.py:183} INFO - Processing /opt/airflow/dags/retail_etl_dag.py took 0.143 seconds
[2026-05-13T19:18:02.237+0000] {processor.py:161} INFO - Started process (PID=183) to work on /opt/airflow/dags/retail_etl_dag.py
[2026-05-13T19:18:02.238+0000] {processor.py:830} INFO - Processing file /opt/airflow/dags/retail_etl_dag.py for tasks to queue
[2026-05-13T19:18:02.241+0000] {logging_mixin.py:188} INFO - [2026-05-13T19:18:02.240+0000] {dagbag.py:545} INFO - Filling up the DagBag from /opt/airflow/dags/retail_etl_dag.py
[2026-05-13T19:18:02.271+0000] {processor.py:840} INFO - DAG(s) 'retail_pipeline' retrieved from /opt/airflow/dags/retail_etl_dag.py
[2026-05-13T19:18:02.307+0000] {logging_mixin.py:188} INFO - [2026-05-13T19:18:02.307+0000] {dag.py:3096} INFO - Sync 1 DAGs
[2026-05-13T19:18:02.336+0000] {logging_mixin.py:188} INFO - [2026-05-13T19:18:02.335+0000] {dag.py:3954} INFO - Setting next_dagrun for retail_pipeline to 2026-05-13 00:00:00+00:00, run_after=2026-05-14 00:00:00+00:00
[2026-05-13T19:18:02.362+0000] {processor.py:183} INFO - Processing /opt/airflow/dags/retail_etl_dag.py took 0.134 seconds
[2026-05-13T19:18:32.856+0000] {processor.py:161} INFO - Started process (PID=184) to work on /opt/airflow/dags/retail_etl_dag.py
[2026-05-13T19:18:32.857+0000] {processor.py:830} INFO - Processing file /opt/airflow/dags/retail_etl_dag.py for tasks to queue
[2026-05-13T19:18:32.859+0000] {logging_mixin.py:188} INFO - [2026-05-13T19:18:32.859+0000] {dagbag.py:545} INFO - Filling up the DagBag from /opt/airflow/dags/retail_etl_dag.py
[2026-05-13T19:18:32.887+0000] {processor.py:840} INFO - DAG(s) 'retail_pipeline' retrieved from /opt/airflow/dags/retail_etl_dag.py
[2026-05-13T19:18:32.923+0000] {logging_mixin.py:188} INFO - [2026-05-13T19:18:32.923+0000] {dag.py:3096} INFO - Sync 1 DAGs
[2026-05-13T19:18:32.950+0000] {logging_mixin.py:188} INFO - [2026-05-13T19:18:32.950+0000] {dag.py:3954} INFO - Setting next_dagrun for retail_pipeline to 2026-05-13 00:00:00+00:00, run_after=2026-05-14 00:00:00+00:00
[2026-05-13T19:18:32.975+0000] {processor.py:183} INFO - Processing /opt/airflow/dags/retail_etl_dag.py took 0.126 seconds
[2026-05-13T19:19:03.423+0000] {processor.py:161} INFO - Started process (PID=185) to work on /opt/airflow/dags/retail_etl_dag.py
[2026-05-13T19:19:03.424+0000] {processor.py:830} INFO - Processing file /opt/airflow/dags/retail_etl_dag.py for tasks to queue
[2026-05-13T19:19:03.427+0000] {logging_mixin.py:188} INFO - [2026-05-13T19:19:03.427+0000] {dagbag.py:545} INFO - Filling up the DagBag from /opt/airflow/dags/retail_etl_dag.py
[2026-05-13T19:19:03.453+0000] {processor.py:840} INFO - DAG(s) 'retail_pipeline' retrieved from /opt/airflow/dags/retail_etl_dag.py
[2026-05-13T19:19:03.489+0000] {logging_mixin.py:188} INFO - [2026-05-13T19:19:03.488+0000] {dag.py:3096} INFO - Sync 1 DAGs
[2026-05-13T19:19:03.517+0000] {logging_mixin.py:188} INFO - [2026-05-13T19:19:03.517+0000] {dag.py:3954} INFO - Setting next_dagrun for retail_pipeline to 2026-05-13 00:00:00+00:00, run_after=2026-05-14 00:00:00+00:00
[2026-05-13T19:19:03.544+0000] {processor.py:183} INFO - Processing /opt/airflow/dags/retail_etl_dag.py took 0.128 seconds
[2026-05-13T19:19:33.997+0000] {processor.py:161} INFO - Started process (PID=186) to work on /opt/airflow/dags/retail_etl_dag.py
[2026-05-13T19:19:33.999+0000] {processor.py:830} INFO - Processing file /opt/airflow/dags/retail_etl_dag.py for tasks to queue
[2026-05-13T19:19:34.003+0000] {logging_mixin.py:188} INFO - [2026-05-13T19:19:34.002+0000] {dagbag.py:545} INFO - Filling up the DagBag from /opt/airflow/dags/retail_etl_dag.py
[2026-05-13T19:19:34.034+0000] {processor.py:840} INFO - DAG(s) 'retail_pipeline' retrieved from /opt/airflow/dags/retail_etl_dag.py
[2026-05-13T19:19:34.070+0000] {logging_mixin.py:188} INFO - [2026-05-13T19:19:34.069+0000] {dag.py:3096} INFO - Sync 1 DAGs
[2026-05-13T19:19:34.097+0000] {logging_mixin.py:188} INFO - [2026-05-13T19:19:34.096+0000] {dag.py:3954} INFO - Setting next_dagrun for retail_pipeline to 2026-05-13 00:00:00+00:00, run_after=2026-05-14 00:00:00+00:00
[2026-05-13T19:19:34.123+0000] {processor.py:183} INFO - Processing /opt/airflow/dags/retail_etl_dag.py took 0.137 seconds
[2026-05-13T19:20:04.548+0000] {processor.py:161} INFO - Started process (PID=187) to work on /opt/airflow/dags/retail_etl_dag.py
[2026-05-13T19:20:04.550+0000] {processor.py:830} INFO - Processing file /opt/airflow/dags/retail_etl_dag.py for tasks to queue
[2026-05-13T19:20:04.552+0000] {logging_mixin.py:188} INFO - [2026-05-13T19:20:04.552+0000] {dagbag.py:545} INFO - Filling up the DagBag from /opt/airflow/dags/retail_etl_dag.py
[2026-05-13T19:20:04.580+0000] {processor.py:840} INFO - DAG(s) 'retail_pipeline' retrieved from /opt/airflow/dags/retail_etl_dag.py
[2026-05-13T19:20:04.615+0000] {logging_mixin.py:188} INFO - [2026-05-13T19:20:04.615+0000] {dag.py:3096} INFO - Sync 1 DAGs
[2026-05-13T19:20:04.645+0000] {logging_mixin.py:188} INFO - [2026-05-13T19:20:04.645+0000] {dag.py:3954} INFO - Setting next_dagrun for retail_pipeline to 2026-05-13 00:00:00+00:00, run_after=2026-05-14 00:00:00+00:00
[2026-05-13T19:20:04.671+0000] {processor.py:183} INFO - Processing /opt/airflow/dags/retail_etl_dag.py took 0.131 seconds
[2026-05-13T19:20:35.415+0000] {processor.py:161} INFO - Started process (PID=188) to work on /opt/airflow/dags/retail_etl_dag.py
[2026-05-13T19:20:35.416+0000] {processor.py:830} INFO - Processing file /opt/airflow/dags/retail_etl_dag.py for tasks to queue
[2026-05-13T19:20:35.419+0000] {logging_mixin.py:188} INFO - [2026-05-13T19:20:35.418+0000] {dagbag.py:545} INFO - Filling up the DagBag from /opt/airflow/dags/retail_etl_dag.py
[2026-05-13T19:20:35.447+0000] {processor.py:840} INFO - DAG(s) 'retail_pipeline' retrieved from /opt/airflow/dags/retail_etl_dag.py
[2026-05-13T19:20:35.482+0000] {logging_mixin.py:188} INFO - [2026-05-13T19:20:35.481+0000] {dag.py:3096} INFO - Sync 1 DAGs
[2026-05-13T19:20:35.513+0000] {logging_mixin.py:188} INFO - [2026-05-13T19:20:35.512+0000] {dag.py:3954} INFO - Setting next_dagrun for retail_pipeline to 2026-05-13 00:00:00+00:00, run_after=2026-05-14 00:00:00+00:00
[2026-05-13T19:20:35.539+0000] {processor.py:183} INFO - Processing /opt/airflow/dags/retail_etl_dag.py took 0.131 seconds
[2026-05-13T19:21:05.994+0000] {processor.py:161} INFO - Started process (PID=189) to work on /opt/airflow/dags/retail_etl_dag.py
[2026-05-13T19:21:05.996+0000] {processor.py:830} INFO - Processing file /opt/airflow/dags/retail_etl_dag.py for tasks to queue
[2026-05-13T19:21:05.999+0000] {logging_mixin.py:188} INFO - [2026-05-13T19:21:05.999+0000] {dagbag.py:545} INFO - Filling up the DagBag from /opt/airflow/dags/retail_etl_dag.py
[2026-05-13T19:21:06.036+0000] {processor.py:840} INFO - DAG(s) 'retail_pipeline' retrieved from /opt/airflow/dags/retail_etl_dag.py
[2026-05-13T19:21:06.101+0000] {logging_mixin.py:188} INFO - [2026-05-13T19:21:06.100+0000] {dag.py:3096} INFO - Sync 1 DAGs
[2026-05-13T19:21:06.139+0000] {logging_mixin.py:188} INFO - [2026-05-13T19:21:06.138+0000] {dag.py:3954} INFO - Setting next_dagrun for retail_pipeline to 2026-05-13 00:00:00+00:00, run_after=2026-05-14 00:00:00+00:00
[2026-05-13T19:21:06.173+0000] {processor.py:183} INFO - Processing /opt/airflow/dags/retail_etl_dag.py took 0.206 seconds
[2026-05-13T19:21:36.617+0000] {processor.py:161} INFO - Started process (PID=190) to work on /opt/airflow/dags/retail_etl_dag.py
[2026-05-13T19:21:36.620+0000] {processor.py:830} INFO - Processing file /opt/airflow/dags/retail_etl_dag.py for tasks to queue
[2026-05-13T19:21:36.624+0000] {logging_mixin.py:188} INFO - [2026-05-13T19:21:36.624+0000] {dagbag.py:545} INFO - Filling up the DagBag from /opt/airflow/dags/retail_etl_dag.py
[2026-05-13T19:21:36.667+0000] {processor.py:840} INFO - DAG(s) 'retail_pipeline' retrieved from /opt/airflow/dags/retail_etl_dag.py
[2026-05-13T19:21:36.740+0000] {logging_mixin.py:188} INFO - [2026-05-13T19:21:36.740+0000] {dag.py:3096} INFO - Sync 1 DAGs
[2026-05-13T19:21:36.790+0000] {logging_mixin.py:188} INFO - [2026-05-13T19:21:36.789+0000] {dag.py:3954} INFO - Setting next_dagrun for retail_pipeline to 2026-05-13 00:00:00+00:00, run_after=2026-05-14 00:00:00+00:00
[2026-05-13T19:21:36.832+0000] {processor.py:183} INFO - Processing /opt/airflow/dags/retail_etl_dag.py took 0.229 seconds
[2026-05-13T19:22:07.291+0000] {processor.py:161} INFO - Started process (PID=191) to work on /opt/airflow/dags/retail_etl_dag.py
[2026-05-13T19:22:07.294+0000] {processor.py:830} INFO - Processing file /opt/airflow/dags/retail_etl_dag.py for tasks to queue
[2026-05-13T19:22:07.298+0000] {logging_mixin.py:188} INFO - [2026-05-13T19:22:07.297+0000] {dagbag.py:545} INFO - Filling up the DagBag from /opt/airflow/dags/retail_etl_dag.py
[2026-05-13T19:22:07.341+0000] {processor.py:840} INFO - DAG(s) 'retail_pipeline' retrieved from /opt/airflow/dags/retail_etl_dag.py
[2026-05-13T19:22:07.408+0000] {logging_mixin.py:188} INFO - [2026-05-13T19:22:07.408+0000] {dag.py:3096} INFO - Sync 1 DAGs
[2026-05-13T19:22:07.459+0000] {logging_mixin.py:188} INFO - [2026-05-13T19:22:07.459+0000] {dag.py:3954} INFO - Setting next_dagrun for retail_pipeline to 2026-05-13 00:00:00+00:00, run_after=2026-05-14 00:00:00+00:00
[2026-05-13T19:22:07.494+0000] {processor.py:183} INFO - Processing /opt/airflow/dags/retail_etl_dag.py took 0.213 seconds
[2026-05-13T19:22:37.956+0000] {processor.py:161} INFO - Started process (PID=192) to work on /opt/airflow/dags/retail_etl_dag.py
[2026-05-13T19:22:37.958+0000] {processor.py:830} INFO - Processing file /opt/airflow/dags/retail_etl_dag.py for tasks to queue
[2026-05-13T19:22:37.961+0000] {logging_mixin.py:188} INFO - [2026-05-13T19:22:37.961+0000] {dagbag.py:545} INFO - Filling up the DagBag from /opt/airflow/dags/retail_etl_dag.py
[2026-05-13T19:22:38.001+0000] {processor.py:840} INFO - DAG(s) 'retail_pipeline' retrieved from /opt/airflow/dags/retail_etl_dag.py
[2026-05-13T19:22:38.068+0000] {logging_mixin.py:188} INFO - [2026-05-13T19:22:38.067+0000] {dag.py:3096} INFO - Sync 1 DAGs
[2026-05-13T19:22:38.120+0000] {logging_mixin.py:188} INFO - [2026-05-13T19:22:38.119+0000] {dag.py:3954} INFO - Setting next_dagrun for retail_pipeline to 2026-05-13 00:00:00+00:00, run_after=2026-05-14 00:00:00+00:00
[2026-05-13T19:22:38.161+0000] {processor.py:183} INFO - Processing /opt/airflow/dags/retail_etl_dag.py took 0.217 seconds
[2026-05-13T19:23:08.573+0000] {processor.py:161} INFO - Started process (PID=193) to work on /opt/airflow/dags/retail_etl_dag.py
[2026-05-13T19:23:08.575+0000] {processor.py:830} INFO - Processing file /opt/airflow/dags/retail_etl_dag.py for tasks to queue
[2026-05-13T19:23:08.581+0000] {logging_mixin.py:188} INFO - [2026-05-13T19:23:08.580+0000] {dagbag.py:545} INFO - Filling up the DagBag from /opt/airflow/dags/retail_etl_dag.py
[2026-05-13T19:23:08.613+0000] {processor.py:840} INFO - DAG(s) 'retail_pipeline' retrieved from /opt/airflow/dags/retail_etl_dag.py
[2026-05-13T19:23:08.662+0000] {logging_mixin.py:188} INFO - [2026-05-13T19:23:08.662+0000] {dag.py:3096} INFO - Sync 1 DAGs
[2026-05-13T19:23:08.702+0000] {logging_mixin.py:188} INFO - [2026-05-13T19:23:08.702+0000] {dag.py:3954} INFO - Setting next_dagrun for retail_pipeline to 2026-05-13 00:00:00+00:00, run_after=2026-05-14 00:00:00+00:00
[2026-05-13T19:23:08.733+0000] {processor.py:183} INFO - Processing /opt/airflow/dags/retail_etl_dag.py took 0.170 seconds
[2026-05-13T19:23:39.231+0000] {processor.py:161} INFO - Started process (PID=194) to work on /opt/airflow/dags/retail_etl_dag.py
[2026-05-13T19:23:39.233+0000] {processor.py:830} INFO - Processing file /opt/airflow/dags/retail_etl_dag.py for tasks to queue
[2026-05-13T19:23:39.235+0000] {logging_mixin.py:188} INFO - [2026-05-13T19:23:39.235+0000] {dagbag.py:545} INFO - Filling up the DagBag from /opt/airflow/dags/retail_etl_dag.py
[2026-05-13T19:23:39.269+0000] {processor.py:840} INFO - DAG(s) 'retail_pipeline' retrieved from /opt/airflow/dags/retail_etl_dag.py
[2026-05-13T19:23:39.310+0000] {logging_mixin.py:188} INFO - [2026-05-13T19:23:39.309+0000] {dag.py:3096} INFO - Sync 1 DAGs
[2026-05-13T19:23:39.342+0000] {logging_mixin.py:188} INFO - [2026-05-13T19:23:39.341+0000] {dag.py:3954} INFO - Setting next_dagrun for retail_pipeline to 2026-05-13 00:00:00+00:00, run_after=2026-05-14 00:00:00+00:00
[2026-05-13T19:23:39.368+0000] {processor.py:183} INFO - Processing /opt/airflow/dags/retail_etl_dag.py took 0.149 seconds
[2026-05-13T19:24:09.818+0000] {processor.py:161} INFO - Started process (PID=195) to work on /opt/airflow/dags/retail_etl_dag.py
[2026-05-13T19:24:09.820+0000] {processor.py:830} INFO - Processing file /opt/airflow/dags/retail_etl_dag.py for tasks to queue
[2026-05-13T19:24:09.823+0000] {logging_mixin.py:188} INFO - [2026-05-13T19:24:09.822+0000] {dagbag.py:545} INFO - Filling up the DagBag from /opt/airflow/dags/retail_etl_dag.py
[2026-05-13T19:24:09.850+0000] {processor.py:840} INFO - DAG(s) 'retail_pipeline' retrieved from /opt/airflow/dags/retail_etl_dag.py
[2026-05-13T19:24:09.894+0000] {logging_mixin.py:188} INFO - [2026-05-13T19:24:09.894+0000] {dag.py:3096} INFO - Sync 1 DAGs
[2026-05-13T19:24:09.923+0000] {logging_mixin.py:188} INFO - [2026-05-13T19:24:09.923+0000] {dag.py:3954} INFO - Setting next_dagrun for retail_pipeline to 2026-05-13 00:00:00+00:00, run_after=2026-05-14 00:00:00+00:00
[2026-05-13T19:24:09.949+0000] {processor.py:183} INFO - Processing /opt/airflow/dags/retail_etl_dag.py took 0.140 seconds
[2026-05-13T19:24:40.598+0000] {processor.py:161} INFO - Started process (PID=196) to work on /opt/airflow/dags/retail_etl_dag.py
[2026-05-13T19:24:40.601+0000] {processor.py:830} INFO - Processing file /opt/airflow/dags/retail_etl_dag.py for tasks to queue
[2026-05-13T19:24:40.605+0000] {logging_mixin.py:188} INFO - [2026-05-13T19:24:40.605+0000] {dagbag.py:545} INFO - Filling up the DagBag from /opt/airflow/dags/retail_etl_dag.py
[2026-05-13T19:24:40.661+0000] {processor.py:840} INFO - DAG(s) 'retail_pipeline' retrieved from /opt/airflow/dags/retail_etl_dag.py
[2026-05-13T19:24:40.725+0000] {logging_mixin.py:188} INFO - [2026-05-13T19:24:40.724+0000] {dag.py:3096} INFO - Sync 1 DAGs
[2026-05-13T19:24:40.782+0000] {logging_mixin.py:188} INFO - [2026-05-13T19:24:40.782+0000] {dag.py:3954} INFO - Setting next_dagrun for retail_pipeline to 2026-05-13 00:00:00+00:00, run_after=2026-05-14 00:00:00+00:00
[2026-05-13T19:24:40.824+0000] {processor.py:183} INFO - Processing /opt/airflow/dags/retail_etl_dag.py took 0.248 seconds
[2026-05-13T19:25:11.249+0000] {processor.py:161} INFO - Started process (PID=197) to work on /opt/airflow/dags/retail_etl_dag.py
[2026-05-13T19:25:11.251+0000] {processor.py:830} INFO - Processing file /opt/airflow/dags/retail_etl_dag.py for tasks to queue
[2026-05-13T19:25:11.254+0000] {logging_mixin.py:188} INFO - [2026-05-13T19:25:11.254+0000] {dagbag.py:545} INFO - Filling up the DagBag from /opt/airflow/dags/retail_etl_dag.py
[2026-05-13T19:25:11.287+0000] {processor.py:840} INFO - DAG(s) 'retail_pipeline' retrieved from /opt/airflow/dags/retail_etl_dag.py
[2026-05-13T19:25:11.333+0000] {logging_mixin.py:188} INFO - [2026-05-13T19:25:11.333+0000] {dag.py:3096} INFO - Sync 1 DAGs
[2026-05-13T19:25:11.366+0000] {logging_mixin.py:188} INFO - [2026-05-13T19:25:11.365+0000] {dag.py:3954} INFO - Setting next_dagrun for retail_pipeline to 2026-05-13 00:00:00+00:00, run_after=2026-05-14 00:00:00+00:00
[2026-05-13T19:25:11.394+0000] {processor.py:183} INFO - Processing /opt/airflow/dags/retail_etl_dag.py took 0.154 seconds
[2026-05-13T19:25:41.842+0000] {processor.py:161} INFO - Started process (PID=198) to work on /opt/airflow/dags/retail_etl_dag.py
[2026-05-13T19:25:41.844+0000] {processor.py:830} INFO - Processing file /opt/airflow/dags/retail_etl_dag.py for tasks to queue
[2026-05-13T19:25:41.848+0000] {logging_mixin.py:188} INFO - [2026-05-13T19:25:41.847+0000] {dagbag.py:545} INFO - Filling up the DagBag from /opt/airflow/dags/retail_etl_dag.py
[2026-05-13T19:25:41.891+0000] {processor.py:840} INFO - DAG(s) 'retail_pipeline' retrieved from /opt/airflow/dags/retail_etl_dag.py
[2026-05-13T19:25:42.018+0000] {logging_mixin.py:188} INFO - [2026-05-13T19:25:42.018+0000] {dag.py:3096} INFO - Sync 1 DAGs
[2026-05-13T19:25:42.399+0000] {logging_mixin.py:188} INFO - [2026-05-13T19:25:42.399+0000] {dag.py:3954} INFO - Setting next_dagrun for retail_pipeline to 2026-05-13 00:00:00+00:00, run_after=2026-05-14 00:00:00+00:00
[2026-05-13T19:25:42.516+0000] {processor.py:183} INFO - Processing /opt/airflow/dags/retail_etl_dag.py took 0.686 seconds
[2026-05-13T19:26:13.010+0000] {processor.py:161} INFO - Started process (PID=199) to work on /opt/airflow/dags/retail_etl_dag.py
[2026-05-13T19:26:13.013+0000] {processor.py:830} INFO - Processing file /opt/airflow/dags/retail_etl_dag.py for tasks to queue
[2026-05-13T19:26:13.019+0000] {logging_mixin.py:188} INFO - [2026-05-13T19:26:13.018+0000] {dagbag.py:545} INFO - Filling up the DagBag from /opt/airflow/dags/retail_etl_dag.py
[2026-05-13T19:26:13.067+0000] {processor.py:840} INFO - DAG(s) 'retail_pipeline' retrieved from /opt/airflow/dags/retail_etl_dag.py
[2026-05-13T19:26:13.133+0000] {logging_mixin.py:188} INFO - [2026-05-13T19:26:13.133+0000] {dag.py:3096} INFO - Sync 1 DAGs
[2026-05-13T19:26:13.182+0000] {logging_mixin.py:188} INFO - [2026-05-13T19:26:13.182+0000] {dag.py:3954} INFO - Setting next_dagrun for retail_pipeline to 2026-05-13 00:00:00+00:00, run_after=2026-05-14 00:00:00+00:00
[2026-05-13T19:26:13.219+0000] {processor.py:183} INFO - Processing /opt/airflow/dags/retail_etl_dag.py took 0.226 seconds
[2026-05-13T19:26:44.011+0000] {processor.py:161} INFO - Started process (PID=200) to work on /opt/airflow/dags/retail_etl_dag.py
[2026-05-13T19:26:44.016+0000] {processor.py:830} INFO - Processing file /opt/airflow/dags/retail_etl_dag.py for tasks to queue
[2026-05-13T19:26:44.021+0000] {logging_mixin.py:188} INFO - [2026-05-13T19:26:44.020+0000] {dagbag.py:545} INFO - Filling up the DagBag from /opt/airflow/dags/retail_etl_dag.py
[2026-05-13T19:26:44.103+0000] {processor.py:840} INFO - DAG(s) 'retail_pipeline' retrieved from /opt/airflow/dags/retail_etl_dag.py
[2026-05-13T19:26:44.228+0000] {logging_mixin.py:188} INFO - [2026-05-13T19:26:44.227+0000] {dag.py:3096} INFO - Sync 1 DAGs
[2026-05-13T19:26:44.368+0000] {logging_mixin.py:188} INFO - [2026-05-13T19:26:44.368+0000] {dag.py:3954} INFO - Setting next_dagrun for retail_pipeline to 2026-05-13 00:00:00+00:00, run_after=2026-05-14 00:00:00+00:00
[2026-05-13T19:26:44.611+0000] {processor.py:183} INFO - Processing /opt/airflow/dags/retail_etl_dag.py took 0.655 seconds
[2026-05-13T19:27:15.331+0000] {processor.py:161} INFO - Started process (PID=201) to work on /opt/airflow/dags/retail_etl_dag.py
[2026-05-13T19:27:15.344+0000] {processor.py:830} INFO - Processing file /opt/airflow/dags/retail_etl_dag.py for tasks to queue
[2026-05-13T19:27:15.364+0000] {logging_mixin.py:188} INFO - [2026-05-13T19:27:15.362+0000] {dagbag.py:545} INFO - Filling up the DagBag from /opt/airflow/dags/retail_etl_dag.py
[2026-05-13T19:27:15.454+0000] {processor.py:840} INFO - DAG(s) 'retail_pipeline' retrieved from /opt/airflow/dags/retail_etl_dag.py
[2026-05-13T19:27:15.527+0000] {logging_mixin.py:188} INFO - [2026-05-13T19:27:15.527+0000] {dag.py:3096} INFO - Sync 1 DAGs
[2026-05-13T19:27:15.586+0000] {logging_mixin.py:188} INFO - [2026-05-13T19:27:15.586+0000] {dag.py:3954} INFO - Setting next_dagrun for retail_pipeline to 2026-05-13 00:00:00+00:00, run_after=2026-05-14 00:00:00+00:00
[2026-05-13T19:27:15.640+0000] {processor.py:183} INFO - Processing /opt/airflow/dags/retail_etl_dag.py took 0.347 seconds
[2026-05-13T19:27:46.076+0000] {processor.py:161} INFO - Started process (PID=202) to work on /opt/airflow/dags/retail_etl_dag.py
[2026-05-13T19:27:46.078+0000] {processor.py:830} INFO - Processing file /opt/airflow/dags/retail_etl_dag.py for tasks to queue
[2026-05-13T19:27:46.081+0000] {logging_mixin.py:188} INFO - [2026-05-13T19:27:46.080+0000] {dagbag.py:545} INFO - Filling up the DagBag from /opt/airflow/dags/retail_etl_dag.py
[2026-05-13T19:27:46.121+0000] {processor.py:840} INFO - DAG(s) 'retail_pipeline' retrieved from /opt/airflow/dags/retail_etl_dag.py
[2026-05-13T19:27:46.176+0000] {logging_mixin.py:188} INFO - [2026-05-13T19:27:46.175+0000] {dag.py:3096} INFO - Sync 1 DAGs
[2026-05-13T19:27:46.217+0000] {logging_mixin.py:188} INFO - [2026-05-13T19:27:46.217+0000] {dag.py:3954} INFO - Setting next_dagrun for retail_pipeline to 2026-05-13 00:00:00+00:00, run_after=2026-05-14 00:00:00+00:00
[2026-05-13T19:27:46.250+0000] {processor.py:183} INFO - Processing /opt/airflow/dags/retail_etl_dag.py took 0.186 seconds
[2026-05-13T19:28:16.697+0000] {processor.py:161} INFO - Started process (PID=203) to work on /opt/airflow/dags/retail_etl_dag.py
[2026-05-13T19:28:16.700+0000] {processor.py:830} INFO - Processing file /opt/airflow/dags/retail_etl_dag.py for tasks to queue
[2026-05-13T19:28:16.703+0000] {logging_mixin.py:188} INFO - [2026-05-13T19:28:16.703+0000] {dagbag.py:545} INFO - Filling up the DagBag from /opt/airflow/dags/retail_etl_dag.py
[2026-05-13T19:28:16.745+0000] {processor.py:840} INFO - DAG(s) 'retail_pipeline' retrieved from /opt/airflow/dags/retail_etl_dag.py
[2026-05-13T19:28:16.803+0000] {logging_mixin.py:188} INFO - [2026-05-13T19:28:16.802+0000] {dag.py:3096} INFO - Sync 1 DAGs
[2026-05-13T19:28:16.838+0000] {logging_mixin.py:188} INFO - [2026-05-13T19:28:16.838+0000] {dag.py:3954} INFO - Setting next_dagrun for retail_pipeline to 2026-05-13 00:00:00+00:00, run_after=2026-05-14 00:00:00+00:00
[2026-05-13T19:28:16.871+0000] {processor.py:183} INFO - Processing /opt/airflow/dags/retail_etl_dag.py took 0.193 seconds
[2026-05-13T19:28:47.328+0000] {processor.py:161} INFO - Started process (PID=204) to work on /opt/airflow/dags/retail_etl_dag.py
[2026-05-13T19:28:47.330+0000] {processor.py:830} INFO - Processing file /opt/airflow/dags/retail_etl_dag.py for tasks to queue
[2026-05-13T19:28:47.334+0000] {logging_mixin.py:188} INFO - [2026-05-13T19:28:47.333+0000] {dagbag.py:545} INFO - Filling up the DagBag from /opt/airflow/dags/retail_etl_dag.py
[2026-05-13T19:28:47.380+0000] {processor.py:840} INFO - DAG(s) 'retail_pipeline' retrieved from /opt/airflow/dags/retail_etl_dag.py
[2026-05-13T19:28:47.437+0000] {logging_mixin.py:188} INFO - [2026-05-13T19:28:47.436+0000] {dag.py:3096} INFO - Sync 1 DAGs
[2026-05-13T19:28:47.489+0000] {logging_mixin.py:188} INFO - [2026-05-13T19:28:47.489+0000] {dag.py:3954} INFO - Setting next_dagrun for retail_pipeline to 2026-05-13 00:00:00+00:00, run_after=2026-05-14 00:00:00+00:00
[2026-05-13T19:28:47.530+0000] {processor.py:183} INFO - Processing /opt/airflow/dags/retail_etl_dag.py took 0.215 seconds
[2026-05-13T19:29:17.914+0000] {processor.py:161} INFO - Started process (PID=205) to work on /opt/airflow/dags/retail_etl_dag.py
[2026-05-13T19:29:17.916+0000] {processor.py:830} INFO - Processing file /opt/airflow/dags/retail_etl_dag.py for tasks to queue
[2026-05-13T19:29:17.919+0000] {logging_mixin.py:188} INFO - [2026-05-13T19:29:17.919+0000] {dagbag.py:545} INFO - Filling up the DagBag from /opt/airflow/dags/retail_etl_dag.py
[2026-05-13T19:29:17.960+0000] {processor.py:840} INFO - DAG(s) 'retail_pipeline' retrieved from /opt/airflow/dags/retail_etl_dag.py
[2026-05-13T19:29:18.021+0000] {logging_mixin.py:188} INFO - [2026-05-13T19:29:18.021+0000] {dag.py:3096} INFO - Sync 1 DAGs
[2026-05-13T19:29:18.070+0000] {logging_mixin.py:188} INFO - [2026-05-13T19:29:18.070+0000] {dag.py:3954} INFO - Setting next_dagrun for retail_pipeline to 2026-05-13 00:00:00+00:00, run_after=2026-05-14 00:00:00+00:00
[2026-05-13T19:29:18.112+0000] {processor.py:183} INFO - Processing /opt/airflow/dags/retail_etl_dag.py took 0.210 seconds
[2026-05-13T19:29:48.535+0000] {processor.py:161} INFO - Started process (PID=206) to work on /opt/airflow/dags/retail_etl_dag.py
[2026-05-13T19:29:48.536+0000] {processor.py:830} INFO - Processing file /opt/airflow/dags/retail_etl_dag.py for tasks to queue
[2026-05-13T19:29:48.538+0000] {logging_mixin.py:188} INFO - [2026-05-13T19:29:48.538+0000] {dagbag.py:545} INFO - Filling up the DagBag from /opt/airflow/dags/retail_etl_dag.py
[2026-05-13T19:29:48.568+0000] {processor.py:840} INFO - DAG(s) 'retail_pipeline' retrieved from /opt/airflow/dags/retail_etl_dag.py
[2026-05-13T19:29:48.609+0000] {logging_mixin.py:188} INFO - [2026-05-13T19:29:48.609+0000] {dag.py:3096} INFO - Sync 1 DAGs
[2026-05-13T19:29:48.638+0000] {logging_mixin.py:188} INFO - [2026-05-13T19:29:48.638+0000] {dag.py:3954} INFO - Setting next_dagrun for retail_pipeline to 2026-05-13 00:00:00+00:00, run_after=2026-05-14 00:00:00+00:00
[2026-05-13T19:29:48.666+0000] {processor.py:183} INFO - Processing /opt/airflow/dags/retail_etl_dag.py took 0.140 seconds
[2026-05-13T19:30:19.139+0000] {processor.py:161} INFO - Started process (PID=207) to work on /opt/airflow/dags/retail_etl_dag.py
[2026-05-13T19:30:19.140+0000] {processor.py:830} INFO - Processing file /opt/airflow/dags/retail_etl_dag.py for tasks to queue
[2026-05-13T19:30:19.143+0000] {logging_mixin.py:188} INFO - [2026-05-13T19:30:19.142+0000] {dagbag.py:545} INFO - Filling up the DagBag from /opt/airflow/dags/retail_etl_dag.py
[2026-05-13T19:30:19.169+0000] {processor.py:840} INFO - DAG(s) 'retail_pipeline' retrieved from /opt/airflow/dags/retail_etl_dag.py
[2026-05-13T19:30:19.205+0000] {logging_mixin.py:188} INFO - [2026-05-13T19:30:19.205+0000] {dag.py:3096} INFO - Sync 1 DAGs
[2026-05-13T19:30:19.235+0000] {logging_mixin.py:188} INFO - [2026-05-13T19:30:19.234+0000] {dag.py:3954} INFO - Setting next_dagrun for retail_pipeline to 2026-05-13 00:00:00+00:00, run_after=2026-05-14 00:00:00+00:00
[2026-05-13T19:30:19.264+0000] {processor.py:183} INFO - Processing /opt/airflow/dags/retail_etl_dag.py took 0.133 seconds
[2026-05-13T19:30:49.665+0000] {processor.py:161} INFO - Started process (PID=208) to work on /opt/airflow/dags/retail_etl_dag.py
[2026-05-13T19:30:49.667+0000] {processor.py:830} INFO - Processing file /opt/airflow/dags/retail_etl_dag.py for tasks to queue
[2026-05-13T19:30:49.669+0000] {logging_mixin.py:188} INFO - [2026-05-13T19:30:49.669+0000] {dagbag.py:545} INFO - Filling up the DagBag from /opt/airflow/dags/retail_etl_dag.py
[2026-05-13T19:30:49.699+0000] {processor.py:840} INFO - DAG(s) 'retail_pipeline' retrieved from /opt/airflow/dags/retail_etl_dag.py
[2026-05-13T19:30:49.736+0000] {logging_mixin.py:188} INFO - [2026-05-13T19:30:49.736+0000] {dag.py:3096} INFO - Sync 1 DAGs
[2026-05-13T19:30:49.765+0000] {logging_mixin.py:188} INFO - [2026-05-13T19:30:49.765+0000] {dag.py:3954} INFO - Setting next_dagrun for retail_pipeline to 2026-05-13 00:00:00+00:00, run_after=2026-05-14 00:00:00+00:00
[2026-05-13T19:30:49.791+0000] {processor.py:183} INFO - Processing /opt/airflow/dags/retail_etl_dag.py took 0.134 seconds
[2026-05-13T19:31:20.230+0000] {processor.py:161} INFO - Started process (PID=209) to work on /opt/airflow/dags/retail_etl_dag.py
[2026-05-13T19:31:20.231+0000] {processor.py:830} INFO - Processing file /opt/airflow/dags/retail_etl_dag.py for tasks to queue
[2026-05-13T19:31:20.236+0000] {logging_mixin.py:188} INFO - [2026-05-13T19:31:20.235+0000] {dagbag.py:545} INFO - Filling up the DagBag from /opt/airflow/dags/retail_etl_dag.py
[2026-05-13T19:31:20.268+0000] {processor.py:840} INFO - DAG(s) 'retail_pipeline' retrieved from /opt/airflow/dags/retail_etl_dag.py
[2026-05-13T19:31:20.318+0000] {logging_mixin.py:188} INFO - [2026-05-13T19:31:20.318+0000] {dag.py:3096} INFO - Sync 1 DAGs
[2026-05-13T19:31:20.354+0000] {logging_mixin.py:188} INFO - [2026-05-13T19:31:20.354+0000] {dag.py:3954} INFO - Setting next_dagrun for retail_pipeline to 2026-05-13 00:00:00+00:00, run_after=2026-05-14 00:00:00+00:00
[2026-05-13T19:31:20.389+0000] {processor.py:183} INFO - Processing /opt/airflow/dags/retail_etl_dag.py took 0.167 seconds
[2026-05-13T19:31:50.800+0000] {processor.py:161} INFO - Started process (PID=210) to work on /opt/airflow/dags/retail_etl_dag.py
[2026-05-13T19:31:50.801+0000] {processor.py:830} INFO - Processing file /opt/airflow/dags/retail_etl_dag.py for tasks to queue
[2026-05-13T19:31:50.804+0000] {logging_mixin.py:188} INFO - [2026-05-13T19:31:50.804+0000] {dagbag.py:545} INFO - Filling up the DagBag from /opt/airflow/dags/retail_etl_dag.py
[2026-05-13T19:31:50.834+0000] {processor.py:840} INFO - DAG(s) 'retail_pipeline' retrieved from /opt/airflow/dags/retail_etl_dag.py
[2026-05-13T19:31:50.874+0000] {logging_mixin.py:188} INFO - [2026-05-13T19:31:50.873+0000] {dag.py:3096} INFO - Sync 1 DAGs
[2026-05-13T19:31:50.905+0000] {logging_mixin.py:188} INFO - [2026-05-13T19:31:50.905+0000] {dag.py:3954} INFO - Setting next_dagrun for retail_pipeline to 2026-05-13 00:00:00+00:00, run_after=2026-05-14 00:00:00+00:00
[2026-05-13T19:31:50.932+0000] {processor.py:183} INFO - Processing /opt/airflow/dags/retail_etl_dag.py took 0.140 seconds
[2026-05-13T19:32:21.685+0000] {processor.py:161} INFO - Started process (PID=211) to work on /opt/airflow/dags/retail_etl_dag.py
[2026-05-13T19:32:21.686+0000] {processor.py:830} INFO - Processing file /opt/airflow/dags/retail_etl_dag.py for tasks to queue
[2026-05-13T19:32:21.688+0000] {logging_mixin.py:188} INFO - [2026-05-13T19:32:21.688+0000] {dagbag.py:545} INFO - Filling up the DagBag from /opt/airflow/dags/retail_etl_dag.py
[2026-05-13T19:32:21.729+0000] {processor.py:840} INFO - DAG(s) 'retail_pipeline' retrieved from /opt/airflow/dags/retail_etl_dag.py
[2026-05-13T19:32:21.772+0000] {logging_mixin.py:188} INFO - [2026-05-13T19:32:21.772+0000] {dag.py:3096} INFO - Sync 1 DAGs
[2026-05-13T19:32:21.809+0000] {logging_mixin.py:188} INFO - [2026-05-13T19:32:21.808+0000] {dag.py:3954} INFO - Setting next_dagrun for retail_pipeline to 2026-05-13 00:00:00+00:00, run_after=2026-05-14 00:00:00+00:00
[2026-05-13T19:32:21.839+0000] {processor.py:183} INFO - Processing /opt/airflow/dags/retail_etl_dag.py took 0.175 seconds
[2026-05-13T19:32:52.406+0000] {processor.py:161} INFO - Started process (PID=212) to work on /opt/airflow/dags/retail_etl_dag.py
[2026-05-13T19:32:52.408+0000] {processor.py:830} INFO - Processing file /opt/airflow/dags/retail_etl_dag.py for tasks to queue
[2026-05-13T19:32:52.411+0000] {logging_mixin.py:188} INFO - [2026-05-13T19:32:52.410+0000] {dagbag.py:545} INFO - Filling up the DagBag from /opt/airflow/dags/retail_etl_dag.py
[2026-05-13T19:32:52.445+0000] {processor.py:840} INFO - DAG(s) 'retail_pipeline' retrieved from /opt/airflow/dags/retail_etl_dag.py
[2026-05-13T19:32:52.498+0000] {logging_mixin.py:188} INFO - [2026-05-13T19:32:52.498+0000] {dag.py:3096} INFO - Sync 1 DAGs
[2026-05-13T19:32:52.541+0000] {logging_mixin.py:188} INFO - [2026-05-13T19:32:52.540+0000] {dag.py:3954} INFO - Setting next_dagrun for retail_pipeline to 2026-05-13 00:00:00+00:00, run_after=2026-05-14 00:00:00+00:00
[2026-05-13T19:32:52.582+0000] {processor.py:183} INFO - Processing /opt/airflow/dags/retail_etl_dag.py took 0.187 seconds
[2026-05-13T19:33:23.014+0000] {processor.py:161} INFO - Started process (PID=213) to work on /opt/airflow/dags/retail_etl_dag.py
[2026-05-13T19:33:23.016+0000] {processor.py:830} INFO - Processing file /opt/airflow/dags/retail_etl_dag.py for tasks to queue
[2026-05-13T19:33:23.021+0000] {logging_mixin.py:188} INFO - [2026-05-13T19:33:23.020+0000] {dagbag.py:545} INFO - Filling up the DagBag from /opt/airflow/dags/retail_etl_dag.py
[2026-05-13T19:33:23.054+0000] {processor.py:840} INFO - DAG(s) 'retail_pipeline' retrieved from /opt/airflow/dags/retail_etl_dag.py
[2026-05-13T19:33:23.097+0000] {logging_mixin.py:188} INFO - [2026-05-13T19:33:23.097+0000] {dag.py:3096} INFO - Sync 1 DAGs
[2026-05-13T19:33:23.129+0000] {logging_mixin.py:188} INFO - [2026-05-13T19:33:23.128+0000] {dag.py:3954} INFO - Setting next_dagrun for retail_pipeline to 2026-05-13 00:00:00+00:00, run_after=2026-05-14 00:00:00+00:00
[2026-05-13T19:33:23.155+0000] {processor.py:183} INFO - Processing /opt/airflow/dags/retail_etl_dag.py took 0.161 seconds
[2026-05-13T19:33:53.634+0000] {processor.py:161} INFO - Started process (PID=214) to work on /opt/airflow/dags/retail_etl_dag.py
[2026-05-13T19:33:53.636+0000] {processor.py:830} INFO - Processing file /opt/airflow/dags/retail_etl_dag.py for tasks to queue
[2026-05-13T19:33:53.638+0000] {logging_mixin.py:188} INFO - [2026-05-13T19:33:53.638+0000] {dagbag.py:545} INFO - Filling up the DagBag from /opt/airflow/dags/retail_etl_dag.py
[2026-05-13T19:33:53.671+0000] {processor.py:840} INFO - DAG(s) 'retail_pipeline' retrieved from /opt/airflow/dags/retail_etl_dag.py
[2026-05-13T19:33:53.712+0000] {logging_mixin.py:188} INFO - [2026-05-13T19:33:53.712+0000] {dag.py:3096} INFO - Sync 1 DAGs
[2026-05-13T19:33:53.745+0000] {logging_mixin.py:188} INFO - [2026-05-13T19:33:53.745+0000] {dag.py:3954} INFO - Setting next_dagrun for retail_pipeline to 2026-05-13 00:00:00+00:00, run_after=2026-05-14 00:00:00+00:00
[2026-05-13T19:33:53.776+0000] {processor.py:183} INFO - Processing /opt/airflow/dags/retail_etl_dag.py took 0.161 seconds
[2026-05-13T19:34:24.167+0000] {processor.py:161} INFO - Started process (PID=215) to work on /opt/airflow/dags/retail_etl_dag.py
[2026-05-13T19:34:24.168+0000] {processor.py:830} INFO - Processing file /opt/airflow/dags/retail_etl_dag.py for tasks to queue
[2026-05-13T19:34:24.171+0000] {logging_mixin.py:188} INFO - [2026-05-13T19:34:24.171+0000] {dagbag.py:545} INFO - Filling up the DagBag from /opt/airflow/dags/retail_etl_dag.py
[2026-05-13T19:34:24.202+0000] {processor.py:840} INFO - DAG(s) 'retail_pipeline' retrieved from /opt/airflow/dags/retail_etl_dag.py
[2026-05-13T19:34:24.244+0000] {logging_mixin.py:188} INFO - [2026-05-13T19:34:24.243+0000] {dag.py:3096} INFO - Sync 1 DAGs
[2026-05-13T19:34:24.276+0000] {logging_mixin.py:188} INFO - [2026-05-13T19:34:24.275+0000] {dag.py:3954} INFO - Setting next_dagrun for retail_pipeline to 2026-05-13 00:00:00+00:00, run_after=2026-05-14 00:00:00+00:00
[2026-05-13T19:34:24.301+0000] {processor.py:183} INFO - Processing /opt/airflow/dags/retail_etl_dag.py took 0.144 seconds
[2026-05-13T19:34:54.789+0000] {processor.py:161} INFO - Started process (PID=216) to work on /opt/airflow/dags/retail_etl_dag.py
[2026-05-13T19:34:54.793+0000] {processor.py:830} INFO - Processing file /opt/airflow/dags/retail_etl_dag.py for tasks to queue
[2026-05-13T19:34:54.801+0000] {logging_mixin.py:188} INFO - [2026-05-13T19:34:54.800+0000] {dagbag.py:545} INFO - Filling up the DagBag from /opt/airflow/dags/retail_etl_dag.py
[2026-05-13T19:34:54.850+0000] {processor.py:840} INFO - DAG(s) 'retail_pipeline' retrieved from /opt/airflow/dags/retail_etl_dag.py
[2026-05-13T19:34:54.896+0000] {logging_mixin.py:188} INFO - [2026-05-13T19:34:54.895+0000] {dag.py:3096} INFO - Sync 1 DAGs
[2026-05-13T19:34:54.935+0000] {logging_mixin.py:188} INFO - [2026-05-13T19:34:54.935+0000] {dag.py:3954} INFO - Setting next_dagrun for retail_pipeline to 2026-05-13 00:00:00+00:00, run_after=2026-05-14 00:00:00+00:00
[2026-05-13T19:34:54.962+0000] {processor.py:183} INFO - Processing /opt/airflow/dags/retail_etl_dag.py took 0.185 seconds
[2026-05-13T19:35:25.303+0000] {processor.py:161} INFO - Started process (PID=217) to work on /opt/airflow/dags/retail_etl_dag.py
[2026-05-13T19:35:25.304+0000] {processor.py:830} INFO - Processing file /opt/airflow/dags/retail_etl_dag.py for tasks to queue
[2026-05-13T19:35:25.307+0000] {logging_mixin.py:188} INFO - [2026-05-13T19:35:25.306+0000] {dagbag.py:545} INFO - Filling up the DagBag from /opt/airflow/dags/retail_etl_dag.py
[2026-05-13T19:35:25.336+0000] {processor.py:840} INFO - DAG(s) 'retail_pipeline' retrieved from /opt/airflow/dags/retail_etl_dag.py
[2026-05-13T19:35:25.377+0000] {logging_mixin.py:188} INFO - [2026-05-13T19:35:25.377+0000] {dag.py:3096} INFO - Sync 1 DAGs
[2026-05-13T19:35:25.407+0000] {logging_mixin.py:188} INFO - [2026-05-13T19:35:25.406+0000] {dag.py:3954} INFO - Setting next_dagrun for retail_pipeline to 2026-05-13 00:00:00+00:00, run_after=2026-05-14 00:00:00+00:00
[2026-05-13T19:35:25.436+0000] {processor.py:183} INFO - Processing /opt/airflow/dags/retail_etl_dag.py took 0.142 seconds
[2026-05-13T19:35:56.001+0000] {processor.py:161} INFO - Started process (PID=218) to work on /opt/airflow/dags/retail_etl_dag.py
[2026-05-13T19:35:56.002+0000] {processor.py:830} INFO - Processing file /opt/airflow/dags/retail_etl_dag.py for tasks to queue
[2026-05-13T19:35:56.004+0000] {logging_mixin.py:188} INFO - [2026-05-13T19:35:56.004+0000] {dagbag.py:545} INFO - Filling up the DagBag from /opt/airflow/dags/retail_etl_dag.py
[2026-05-13T19:35:56.037+0000] {processor.py:840} INFO - DAG(s) 'retail_pipeline' retrieved from /opt/airflow/dags/retail_etl_dag.py
[2026-05-13T19:35:56.087+0000] {logging_mixin.py:188} INFO - [2026-05-13T19:35:56.086+0000] {dag.py:3096} INFO - Sync 1 DAGs
[2026-05-13T19:35:56.144+0000] {logging_mixin.py:188} INFO - [2026-05-13T19:35:56.144+0000] {dag.py:3954} INFO - Setting next_dagrun for retail_pipeline to 2026-05-13 00:00:00+00:00, run_after=2026-05-14 00:00:00+00:00
[2026-05-13T19:35:56.236+0000] {processor.py:183} INFO - Processing /opt/airflow/dags/retail_etl_dag.py took 0.243 seconds
[2026-05-13T19:36:26.557+0000] {processor.py:161} INFO - Started process (PID=219) to work on /opt/airflow/dags/retail_etl_dag.py
[2026-05-13T19:36:26.559+0000] {processor.py:830} INFO - Processing file /opt/airflow/dags/retail_etl_dag.py for tasks to queue
[2026-05-13T19:36:26.562+0000] {logging_mixin.py:188} INFO - [2026-05-13T19:36:26.562+0000] {dagbag.py:545} INFO - Filling up the DagBag from /opt/airflow/dags/retail_etl_dag.py
[2026-05-13T19:36:26.606+0000] {processor.py:840} INFO - DAG(s) 'retail_pipeline' retrieved from /opt/airflow/dags/retail_etl_dag.py
[2026-05-13T19:36:26.671+0000] {logging_mixin.py:188} INFO - [2026-05-13T19:36:26.670+0000] {dag.py:3096} INFO - Sync 1 DAGs
[2026-05-13T19:36:26.720+0000] {logging_mixin.py:188} INFO - [2026-05-13T19:36:26.720+0000] {dag.py:3954} INFO - Setting next_dagrun for retail_pipeline to 2026-05-13 00:00:00+00:00, run_after=2026-05-14 00:00:00+00:00
[2026-05-13T19:36:26.761+0000] {processor.py:183} INFO - Processing /opt/airflow/dags/retail_etl_dag.py took 0.216 seconds
[2026-05-13T19:36:57.275+0000] {processor.py:161} INFO - Started process (PID=220) to work on /opt/airflow/dags/retail_etl_dag.py
[2026-05-13T19:36:57.277+0000] {processor.py:830} INFO - Processing file /opt/airflow/dags/retail_etl_dag.py for tasks to queue
[2026-05-13T19:36:57.284+0000] {logging_mixin.py:188} INFO - [2026-05-13T19:36:57.283+0000] {dagbag.py:545} INFO - Filling up the DagBag from /opt/airflow/dags/retail_etl_dag.py
[2026-05-13T19:36:57.338+0000] {processor.py:840} INFO - DAG(s) 'retail_pipeline' retrieved from /opt/airflow/dags/retail_etl_dag.py
[2026-05-13T19:36:57.392+0000] {logging_mixin.py:188} INFO - [2026-05-13T19:36:57.391+0000] {dag.py:3096} INFO - Sync 1 DAGs
[2026-05-13T19:36:57.428+0000] {logging_mixin.py:188} INFO - [2026-05-13T19:36:57.428+0000] {dag.py:3954} INFO - Setting next_dagrun for retail_pipeline to 2026-05-13 00:00:00+00:00, run_after=2026-05-14 00:00:00+00:00
[2026-05-13T19:36:57.473+0000] {processor.py:183} INFO - Processing /opt/airflow/dags/retail_etl_dag.py took 0.206 seconds
[2026-05-13T19:37:27.834+0000] {processor.py:161} INFO - Started process (PID=221) to work on /opt/airflow/dags/retail_etl_dag.py
[2026-05-13T19:37:27.836+0000] {processor.py:830} INFO - Processing file /opt/airflow/dags/retail_etl_dag.py for tasks to queue
[2026-05-13T19:37:27.839+0000] {logging_mixin.py:188} INFO - [2026-05-13T19:37:27.839+0000] {dagbag.py:545} INFO - Filling up the DagBag from /opt/airflow/dags/retail_etl_dag.py
[2026-05-13T19:37:27.869+0000] {processor.py:840} INFO - DAG(s) 'retail_pipeline' retrieved from /opt/airflow/dags/retail_etl_dag.py
[2026-05-13T19:37:27.916+0000] {logging_mixin.py:188} INFO - [2026-05-13T19:37:27.915+0000] {dag.py:3096} INFO - Sync 1 DAGs
[2026-05-13T19:37:27.953+0000] {logging_mixin.py:188} INFO - [2026-05-13T19:37:27.953+0000] {dag.py:3954} INFO - Setting next_dagrun for retail_pipeline to 2026-05-13 00:00:00+00:00, run_after=2026-05-14 00:00:00+00:00
[2026-05-13T19:37:27.986+0000] {processor.py:183} INFO - Processing /opt/airflow/dags/retail_etl_dag.py took 0.160 seconds
[2026-05-13T19:37:58.397+0000] {processor.py:161} INFO - Started process (PID=222) to work on /opt/airflow/dags/retail_etl_dag.py
[2026-05-13T19:37:58.399+0000] {processor.py:830} INFO - Processing file /opt/airflow/dags/retail_etl_dag.py for tasks to queue
[2026-05-13T19:37:58.402+0000] {logging_mixin.py:188} INFO - [2026-05-13T19:37:58.401+0000] {dagbag.py:545} INFO - Filling up the DagBag from /opt/airflow/dags/retail_etl_dag.py
[2026-05-13T19:37:58.435+0000] {processor.py:840} INFO - DAG(s) 'retail_pipeline' retrieved from /opt/airflow/dags/retail_etl_dag.py
[2026-05-13T19:37:58.480+0000] {logging_mixin.py:188} INFO - [2026-05-13T19:37:58.480+0000] {dag.py:3096} INFO - Sync 1 DAGs
[2026-05-13T19:37:58.511+0000] {logging_mixin.py:188} INFO - [2026-05-13T19:37:58.511+0000] {dag.py:3954} INFO - Setting next_dagrun for retail_pipeline to 2026-05-13 00:00:00+00:00, run_after=2026-05-14 00:00:00+00:00
[2026-05-13T19:37:58.540+0000] {processor.py:183} INFO - Processing /opt/airflow/dags/retail_etl_dag.py took 0.153 seconds
[2026-05-13T19:38:29.284+0000] {processor.py:161} INFO - Started process (PID=223) to work on /opt/airflow/dags/retail_etl_dag.py
[2026-05-13T19:38:29.286+0000] {processor.py:830} INFO - Processing file /opt/airflow/dags/retail_etl_dag.py for tasks to queue
[2026-05-13T19:38:29.291+0000] {logging_mixin.py:188} INFO - [2026-05-13T19:38:29.290+0000] {dagbag.py:545} INFO - Filling up the DagBag from /opt/airflow/dags/retail_etl_dag.py
[2026-05-13T19:38:29.319+0000] {processor.py:840} INFO - DAG(s) 'retail_pipeline' retrieved from /opt/airflow/dags/retail_etl_dag.py
[2026-05-13T19:38:29.365+0000] {logging_mixin.py:188} INFO - [2026-05-13T19:38:29.364+0000] {dag.py:3096} INFO - Sync 1 DAGs
[2026-05-13T19:38:29.394+0000] {logging_mixin.py:188} INFO - [2026-05-13T19:38:29.394+0000] {dag.py:3954} INFO - Setting next_dagrun for retail_pipeline to 2026-05-13 00:00:00+00:00, run_after=2026-05-14 00:00:00+00:00
[2026-05-13T19:38:29.422+0000] {processor.py:183} INFO - Processing /opt/airflow/dags/retail_etl_dag.py took 0.151 seconds
[2026-05-13T19:38:59.784+0000] {processor.py:161} INFO - Started process (PID=224) to work on /opt/airflow/dags/retail_etl_dag.py
[2026-05-13T19:38:59.785+0000] {processor.py:830} INFO - Processing file /opt/airflow/dags/retail_etl_dag.py for tasks to queue
[2026-05-13T19:38:59.790+0000] {logging_mixin.py:188} INFO - [2026-05-13T19:38:59.789+0000] {dagbag.py:545} INFO - Filling up the DagBag from /opt/airflow/dags/retail_etl_dag.py
[2026-05-13T19:38:59.821+0000] {processor.py:840} INFO - DAG(s) 'retail_pipeline' retrieved from /opt/airflow/dags/retail_etl_dag.py
[2026-05-13T19:38:59.861+0000] {logging_mixin.py:188} INFO - [2026-05-13T19:38:59.861+0000] {dag.py:3096} INFO - Sync 1 DAGs
[2026-05-13T19:38:59.892+0000] {logging_mixin.py:188} INFO - [2026-05-13T19:38:59.892+0000] {dag.py:3954} INFO - Setting next_dagrun for retail_pipeline to 2026-05-13 00:00:00+00:00, run_after=2026-05-14 00:00:00+00:00
[2026-05-13T19:38:59.918+0000] {processor.py:183} INFO - Processing /opt/airflow/dags/retail_etl_dag.py took 0.145 seconds
[2026-05-13T19:39:30.463+0000] {processor.py:161} INFO - Started process (PID=225) to work on /opt/airflow/dags/retail_etl_dag.py
[2026-05-13T19:39:30.465+0000] {processor.py:830} INFO - Processing file /opt/airflow/dags/retail_etl_dag.py for tasks to queue
[2026-05-13T19:39:30.468+0000] {logging_mixin.py:188} INFO - [2026-05-13T19:39:30.467+0000] {dagbag.py:545} INFO - Filling up the DagBag from /opt/airflow/dags/retail_etl_dag.py
[2026-05-13T19:39:30.500+0000] {processor.py:840} INFO - DAG(s) 'retail_pipeline' retrieved from /opt/airflow/dags/retail_etl_dag.py
[2026-05-13T19:39:30.539+0000] {logging_mixin.py:188} INFO - [2026-05-13T19:39:30.538+0000] {dag.py:3096} INFO - Sync 1 DAGs
[2026-05-13T19:39:30.566+0000] {logging_mixin.py:188} INFO - [2026-05-13T19:39:30.566+0000] {dag.py:3954} INFO - Setting next_dagrun for retail_pipeline to 2026-05-13 00:00:00+00:00, run_after=2026-05-14 00:00:00+00:00
[2026-05-13T19:39:30.591+0000] {processor.py:183} INFO - Processing /opt/airflow/dags/retail_etl_dag.py took 0.145 seconds
[2026-05-13T19:40:01.013+0000] {processor.py:161} INFO - Started process (PID=226) to work on /opt/airflow/dags/retail_etl_dag.py
[2026-05-13T19:40:01.015+0000] {processor.py:830} INFO - Processing file /opt/airflow/dags/retail_etl_dag.py for tasks to queue
[2026-05-13T19:40:01.023+0000] {logging_mixin.py:188} INFO - [2026-05-13T19:40:01.022+0000] {dagbag.py:545} INFO - Filling up the DagBag from /opt/airflow/dags/retail_etl_dag.py
[2026-05-13T19:40:01.061+0000] {processor.py:840} INFO - DAG(s) 'retail_pipeline' retrieved from /opt/airflow/dags/retail_etl_dag.py
[2026-05-13T19:40:01.099+0000] {logging_mixin.py:188} INFO - [2026-05-13T19:40:01.099+0000] {dag.py:3096} INFO - Sync 1 DAGs
[2026-05-13T19:40:01.132+0000] {logging_mixin.py:188} INFO - [2026-05-13T19:40:01.132+0000] {dag.py:3954} INFO - Setting next_dagrun for retail_pipeline to 2026-05-13 00:00:00+00:00, run_after=2026-05-14 00:00:00+00:00
[2026-05-13T19:40:01.159+0000] {processor.py:183} INFO - Processing /opt/airflow/dags/retail_etl_dag.py took 0.165 seconds
[2026-05-13T19:40:31.591+0000] {processor.py:161} INFO - Started process (PID=227) to work on /opt/airflow/dags/retail_etl_dag.py
[2026-05-13T19:40:31.592+0000] {processor.py:830} INFO - Processing file /opt/airflow/dags/retail_etl_dag.py for tasks to queue
[2026-05-13T19:40:31.595+0000] {logging_mixin.py:188} INFO - [2026-05-13T19:40:31.595+0000] {dagbag.py:545} INFO - Filling up the DagBag from /opt/airflow/dags/retail_etl_dag.py
[2026-05-13T19:40:31.627+0000] {processor.py:840} INFO - DAG(s) 'retail_pipeline' retrieved from /opt/airflow/dags/retail_etl_dag.py
[2026-05-13T19:40:31.687+0000] {logging_mixin.py:188} INFO - [2026-05-13T19:40:31.687+0000] {dag.py:3096} INFO - Sync 1 DAGs
[2026-05-13T19:40:31.717+0000] {logging_mixin.py:188} INFO - [2026-05-13T19:40:31.717+0000] {dag.py:3954} INFO - Setting next_dagrun for retail_pipeline to 2026-05-13 00:00:00+00:00, run_after=2026-05-14 00:00:00+00:00
[2026-05-13T19:40:31.747+0000] {processor.py:183} INFO - Processing /opt/airflow/dags/retail_etl_dag.py took 0.164 seconds
[2026-05-13T19:41:02.131+0000] {processor.py:161} INFO - Started process (PID=228) to work on /opt/airflow/dags/retail_etl_dag.py
[2026-05-13T19:41:02.133+0000] {processor.py:830} INFO - Processing file /opt/airflow/dags/retail_etl_dag.py for tasks to queue
[2026-05-13T19:41:02.136+0000] {logging_mixin.py:188} INFO - [2026-05-13T19:41:02.135+0000] {dagbag.py:545} INFO - Filling up the DagBag from /opt/airflow/dags/retail_etl_dag.py
[2026-05-13T19:41:02.166+0000] {processor.py:840} INFO - DAG(s) 'retail_pipeline' retrieved from /opt/airflow/dags/retail_etl_dag.py
[2026-05-13T19:41:02.223+0000] {logging_mixin.py:188} INFO - [2026-05-13T19:41:02.222+0000] {dag.py:3096} INFO - Sync 1 DAGs
[2026-05-13T19:41:02.254+0000] {logging_mixin.py:188} INFO - [2026-05-13T19:41:02.254+0000] {dag.py:3954} INFO - Setting next_dagrun for retail_pipeline to 2026-05-13 00:00:00+00:00, run_after=2026-05-14 00:00:00+00:00
[2026-05-13T19:41:02.282+0000] {processor.py:183} INFO - Processing /opt/airflow/dags/retail_etl_dag.py took 0.162 seconds
[2026-05-13T19:41:32.749+0000] {processor.py:161} INFO - Started process (PID=229) to work on /opt/airflow/dags/retail_etl_dag.py
[2026-05-13T19:41:32.752+0000] {processor.py:830} INFO - Processing file /opt/airflow/dags/retail_etl_dag.py for tasks to queue
[2026-05-13T19:41:32.756+0000] {logging_mixin.py:188} INFO - [2026-05-13T19:41:32.756+0000] {dagbag.py:545} INFO - Filling up the DagBag from /opt/airflow/dags/retail_etl_dag.py
[2026-05-13T19:41:32.795+0000] {processor.py:840} INFO - DAG(s) 'retail_pipeline' retrieved from /opt/airflow/dags/retail_etl_dag.py
[2026-05-13T19:41:32.835+0000] {logging_mixin.py:188} INFO - [2026-05-13T19:41:32.835+0000] {dag.py:3096} INFO - Sync 1 DAGs
[2026-05-13T19:41:32.871+0000] {logging_mixin.py:188} INFO - [2026-05-13T19:41:32.871+0000] {dag.py:3954} INFO - Setting next_dagrun for retail_pipeline to 2026-05-13 00:00:00+00:00, run_after=2026-05-14 00:00:00+00:00
[2026-05-13T19:41:32.896+0000] {processor.py:183} INFO - Processing /opt/airflow/dags/retail_etl_dag.py took 0.157 seconds
[2026-05-13T19:42:03.352+0000] {processor.py:161} INFO - Started process (PID=230) to work on /opt/airflow/dags/retail_etl_dag.py
[2026-05-13T19:42:03.353+0000] {processor.py:830} INFO - Processing file /opt/airflow/dags/retail_etl_dag.py for tasks to queue
[2026-05-13T19:42:03.356+0000] {logging_mixin.py:188} INFO - [2026-05-13T19:42:03.355+0000] {dagbag.py:545} INFO - Filling up the DagBag from /opt/airflow/dags/retail_etl_dag.py
[2026-05-13T19:42:03.390+0000] {processor.py:840} INFO - DAG(s) 'retail_pipeline' retrieved from /opt/airflow/dags/retail_etl_dag.py
[2026-05-13T19:42:03.462+0000] {logging_mixin.py:188} INFO - [2026-05-13T19:42:03.461+0000] {dag.py:3096} INFO - Sync 1 DAGs
[2026-05-13T19:42:03.509+0000] {logging_mixin.py:188} INFO - [2026-05-13T19:42:03.509+0000] {dag.py:3954} INFO - Setting next_dagrun for retail_pipeline to 2026-05-13 00:00:00+00:00, run_after=2026-05-14 00:00:00+00:00
[2026-05-13T19:42:03.539+0000] {processor.py:183} INFO - Processing /opt/airflow/dags/retail_etl_dag.py took 0.195 seconds
[2026-05-13T19:42:33.953+0000] {processor.py:161} INFO - Started process (PID=231) to work on /opt/airflow/dags/retail_etl_dag.py
[2026-05-13T19:42:33.954+0000] {processor.py:830} INFO - Processing file /opt/airflow/dags/retail_etl_dag.py for tasks to queue
[2026-05-13T19:42:33.958+0000] {logging_mixin.py:188} INFO - [2026-05-13T19:42:33.957+0000] {dagbag.py:545} INFO - Filling up the DagBag from /opt/airflow/dags/retail_etl_dag.py
[2026-05-13T19:42:33.988+0000] {processor.py:840} INFO - DAG(s) 'retail_pipeline' retrieved from /opt/airflow/dags/retail_etl_dag.py
[2026-05-13T19:42:34.026+0000] {logging_mixin.py:188} INFO - [2026-05-13T19:42:34.026+0000] {dag.py:3096} INFO - Sync 1 DAGs
[2026-05-13T19:42:34.057+0000] {logging_mixin.py:188} INFO - [2026-05-13T19:42:34.057+0000] {dag.py:3954} INFO - Setting next_dagrun for retail_pipeline to 2026-05-13 00:00:00+00:00, run_after=2026-05-14 00:00:00+00:00
[2026-05-13T19:42:34.083+0000] {processor.py:183} INFO - Processing /opt/airflow/dags/retail_etl_dag.py took 0.138 seconds
[2026-05-13T19:43:04.507+0000] {processor.py:161} INFO - Started process (PID=232) to work on /opt/airflow/dags/retail_etl_dag.py
[2026-05-13T19:43:04.508+0000] {processor.py:830} INFO - Processing file /opt/airflow/dags/retail_etl_dag.py for tasks to queue
[2026-05-13T19:43:04.510+0000] {logging_mixin.py:188} INFO - [2026-05-13T19:43:04.510+0000] {dagbag.py:545} INFO - Filling up the DagBag from /opt/airflow/dags/retail_etl_dag.py
[2026-05-13T19:43:04.538+0000] {processor.py:840} INFO - DAG(s) 'retail_pipeline' retrieved from /opt/airflow/dags/retail_etl_dag.py
[2026-05-13T19:43:04.583+0000] {logging_mixin.py:188} INFO - [2026-05-13T19:43:04.582+0000] {dag.py:3096} INFO - Sync 1 DAGs
[2026-05-13T19:43:04.617+0000] {logging_mixin.py:188} INFO - [2026-05-13T19:43:04.617+0000] {dag.py:3954} INFO - Setting next_dagrun for retail_pipeline to 2026-05-13 00:00:00+00:00, run_after=2026-05-14 00:00:00+00:00
[2026-05-13T19:43:04.646+0000] {processor.py:183} INFO - Processing /opt/airflow/dags/retail_etl_dag.py took 0.147 seconds
[2026-05-13T19:43:35.128+0000] {processor.py:161} INFO - Started process (PID=233) to work on /opt/airflow/dags/retail_etl_dag.py
[2026-05-13T19:43:35.130+0000] {processor.py:830} INFO - Processing file /opt/airflow/dags/retail_etl_dag.py for tasks to queue
[2026-05-13T19:43:35.134+0000] {logging_mixin.py:188} INFO - [2026-05-13T19:43:35.133+0000] {dagbag.py:545} INFO - Filling up the DagBag from /opt/airflow/dags/retail_etl_dag.py
[2026-05-13T19:43:35.169+0000] {processor.py:840} INFO - DAG(s) 'retail_pipeline' retrieved from /opt/airflow/dags/retail_etl_dag.py
[2026-05-13T19:43:35.208+0000] {logging_mixin.py:188} INFO - [2026-05-13T19:43:35.208+0000] {dag.py:3096} INFO - Sync 1 DAGs
[2026-05-13T19:43:35.240+0000] {logging_mixin.py:188} INFO - [2026-05-13T19:43:35.240+0000] {dag.py:3954} INFO - Setting next_dagrun for retail_pipeline to 2026-05-13 00:00:00+00:00, run_after=2026-05-14 00:00:00+00:00
[2026-05-13T19:43:35.269+0000] {processor.py:183} INFO - Processing /opt/airflow/dags/retail_etl_dag.py took 0.149 seconds
[2026-05-13T19:44:05.636+0000] {processor.py:161} INFO - Started process (PID=234) to work on /opt/airflow/dags/retail_etl_dag.py
[2026-05-13T19:44:05.638+0000] {processor.py:830} INFO - Processing file /opt/airflow/dags/retail_etl_dag.py for tasks to queue
[2026-05-13T19:44:05.640+0000] {logging_mixin.py:188} INFO - [2026-05-13T19:44:05.640+0000] {dagbag.py:545} INFO - Filling up the DagBag from /opt/airflow/dags/retail_etl_dag.py
[2026-05-13T19:44:05.673+0000] {processor.py:840} INFO - DAG(s) 'retail_pipeline' retrieved from /opt/airflow/dags/retail_etl_dag.py
[2026-05-13T19:44:05.714+0000] {logging_mixin.py:188} INFO - [2026-05-13T19:44:05.714+0000] {dag.py:3096} INFO - Sync 1 DAGs
[2026-05-13T19:44:05.747+0000] {logging_mixin.py:188} INFO - [2026-05-13T19:44:05.747+0000] {dag.py:3954} INFO - Setting next_dagrun for retail_pipeline to 2026-05-13 00:00:00+00:00, run_after=2026-05-14 00:00:00+00:00
[2026-05-13T19:44:05.774+0000] {processor.py:183} INFO - Processing /opt/airflow/dags/retail_etl_dag.py took 0.148 seconds
[2026-05-13T19:44:36.477+0000] {processor.py:161} INFO - Started process (PID=235) to work on /opt/airflow/dags/retail_etl_dag.py
[2026-05-13T19:44:36.492+0000] {processor.py:830} INFO - Processing file /opt/airflow/dags/retail_etl_dag.py for tasks to queue
[2026-05-13T19:44:36.505+0000] {logging_mixin.py:188} INFO - [2026-05-13T19:44:36.504+0000] {dagbag.py:545} INFO - Filling up the DagBag from /opt/airflow/dags/retail_etl_dag.py
[2026-05-13T19:44:36.547+0000] {processor.py:840} INFO - DAG(s) 'retail_pipeline' retrieved from /opt/airflow/dags/retail_etl_dag.py
[2026-05-13T19:44:36.603+0000] {logging_mixin.py:188} INFO - [2026-05-13T19:44:36.603+0000] {dag.py:3096} INFO - Sync 1 DAGs
[2026-05-13T19:44:36.644+0000] {logging_mixin.py:188} INFO - [2026-05-13T19:44:36.643+0000] {dag.py:3954} INFO - Setting next_dagrun for retail_pipeline to 2026-05-13 00:00:00+00:00, run_after=2026-05-14 00:00:00+00:00
[2026-05-13T19:44:36.675+0000] {processor.py:183} INFO - Processing /opt/airflow/dags/retail_etl_dag.py took 0.224 seconds
[2026-05-13T19:45:07.081+0000] {processor.py:161} INFO - Started process (PID=236) to work on /opt/airflow/dags/retail_etl_dag.py
[2026-05-13T19:45:07.084+0000] {processor.py:830} INFO - Processing file /opt/airflow/dags/retail_etl_dag.py for tasks to queue
[2026-05-13T19:45:07.087+0000] {logging_mixin.py:188} INFO - [2026-05-13T19:45:07.087+0000] {dagbag.py:545} INFO - Filling up the DagBag from /opt/airflow/dags/retail_etl_dag.py
[2026-05-13T19:45:07.119+0000] {processor.py:840} INFO - DAG(s) 'retail_pipeline' retrieved from /opt/airflow/dags/retail_etl_dag.py
[2026-05-13T19:45:07.163+0000] {logging_mixin.py:188} INFO - [2026-05-13T19:45:07.162+0000] {dag.py:3096} INFO - Sync 1 DAGs
[2026-05-13T19:45:07.193+0000] {logging_mixin.py:188} INFO - [2026-05-13T19:45:07.193+0000] {dag.py:3954} INFO - Setting next_dagrun for retail_pipeline to 2026-05-13 00:00:00+00:00, run_after=2026-05-14 00:00:00+00:00
[2026-05-13T19:45:07.221+0000] {processor.py:183} INFO - Processing /opt/airflow/dags/retail_etl_dag.py took 0.160 seconds
[2026-05-13T19:45:37.716+0000] {processor.py:161} INFO - Started process (PID=237) to work on /opt/airflow/dags/retail_etl_dag.py
[2026-05-13T19:45:37.718+0000] {processor.py:830} INFO - Processing file /opt/airflow/dags/retail_etl_dag.py for tasks to queue
[2026-05-13T19:45:37.721+0000] {logging_mixin.py:188} INFO - [2026-05-13T19:45:37.720+0000] {dagbag.py:545} INFO - Filling up the DagBag from /opt/airflow/dags/retail_etl_dag.py
[2026-05-13T19:45:37.764+0000] {processor.py:840} INFO - DAG(s) 'retail_pipeline' retrieved from /opt/airflow/dags/retail_etl_dag.py
[2026-05-13T19:45:37.804+0000] {logging_mixin.py:188} INFO - [2026-05-13T19:45:37.804+0000] {dag.py:3096} INFO - Sync 1 DAGs
[2026-05-13T19:45:37.835+0000] {logging_mixin.py:188} INFO - [2026-05-13T19:45:37.834+0000] {dag.py:3954} INFO - Setting next_dagrun for retail_pipeline to 2026-05-13 00:00:00+00:00, run_after=2026-05-14 00:00:00+00:00
[2026-05-13T19:45:37.860+0000] {processor.py:183} INFO - Processing /opt/airflow/dags/retail_etl_dag.py took 0.150 seconds
[2026-05-13T19:46:08.194+0000] {processor.py:161} INFO - Started process (PID=238) to work on /opt/airflow/dags/retail_etl_dag.py
[2026-05-13T19:46:08.196+0000] {processor.py:830} INFO - Processing file /opt/airflow/dags/retail_etl_dag.py for tasks to queue
[2026-05-13T19:46:08.204+0000] {logging_mixin.py:188} INFO - [2026-05-13T19:46:08.201+0000] {dagbag.py:545} INFO - Filling up the DagBag from /opt/airflow/dags/retail_etl_dag.py
[2026-05-13T19:46:08.243+0000] {processor.py:840} INFO - DAG(s) 'retail_pipeline' retrieved from /opt/airflow/dags/retail_etl_dag.py
[2026-05-13T19:46:08.289+0000] {logging_mixin.py:188} INFO - [2026-05-13T19:46:08.289+0000] {dag.py:3096} INFO - Sync 1 DAGs
[2026-05-13T19:46:08.320+0000] {logging_mixin.py:188} INFO - [2026-05-13T19:46:08.320+0000] {dag.py:3954} INFO - Setting next_dagrun for retail_pipeline to 2026-05-13 00:00:00+00:00, run_after=2026-05-14 00:00:00+00:00
[2026-05-13T19:46:08.345+0000] {processor.py:183} INFO - Processing /opt/airflow/dags/retail_etl_dag.py took 0.159 seconds
[2026-05-13T19:46:38.824+0000] {processor.py:161} INFO - Started process (PID=239) to work on /opt/airflow/dags/retail_etl_dag.py
[2026-05-13T19:46:38.826+0000] {processor.py:830} INFO - Processing file /opt/airflow/dags/retail_etl_dag.py for tasks to queue
[2026-05-13T19:46:38.828+0000] {logging_mixin.py:188} INFO - [2026-05-13T19:46:38.828+0000] {dagbag.py:545} INFO - Filling up the DagBag from /opt/airflow/dags/retail_etl_dag.py
[2026-05-13T19:46:38.856+0000] {processor.py:840} INFO - DAG(s) 'retail_pipeline' retrieved from /opt/airflow/dags/retail_etl_dag.py
[2026-05-13T19:46:38.899+0000] {logging_mixin.py:188} INFO - [2026-05-13T19:46:38.898+0000] {dag.py:3096} INFO - Sync 1 DAGs
[2026-05-13T19:46:38.930+0000] {logging_mixin.py:188} INFO - [2026-05-13T19:46:38.930+0000] {dag.py:3954} INFO - Setting next_dagrun for retail_pipeline to 2026-05-13 00:00:00+00:00, run_after=2026-05-14 00:00:00+00:00
[2026-05-13T19:46:38.957+0000] {processor.py:183} INFO - Processing /opt/airflow/dags/retail_etl_dag.py took 0.140 seconds
[2026-05-13T19:47:09.324+0000] {processor.py:161} INFO - Started process (PID=240) to work on /opt/airflow/dags/retail_etl_dag.py
[2026-05-13T19:47:09.325+0000] {processor.py:830} INFO - Processing file /opt/airflow/dags/retail_etl_dag.py for tasks to queue
[2026-05-13T19:47:09.327+0000] {logging_mixin.py:188} INFO - [2026-05-13T19:47:09.327+0000] {dagbag.py:545} INFO - Filling up the DagBag from /opt/airflow/dags/retail_etl_dag.py
[2026-05-13T19:47:09.358+0000] {processor.py:840} INFO - DAG(s) 'retail_pipeline' retrieved from /opt/airflow/dags/retail_etl_dag.py
[2026-05-13T19:47:09.401+0000] {logging_mixin.py:188} INFO - [2026-05-13T19:47:09.401+0000] {dag.py:3096} INFO - Sync 1 DAGs
[2026-05-13T19:47:09.431+0000] {logging_mixin.py:188} INFO - [2026-05-13T19:47:09.431+0000] {dag.py:3954} INFO - Setting next_dagrun for retail_pipeline to 2026-05-13 00:00:00+00:00, run_after=2026-05-14 00:00:00+00:00
[2026-05-13T19:47:09.456+0000] {processor.py:183} INFO - Processing /opt/airflow/dags/retail_etl_dag.py took 0.142 seconds
[2026-05-13T19:47:39.990+0000] {processor.py:161} INFO - Started process (PID=241) to work on /opt/airflow/dags/retail_etl_dag.py
[2026-05-13T19:47:39.991+0000] {processor.py:830} INFO - Processing file /opt/airflow/dags/retail_etl_dag.py for tasks to queue
[2026-05-13T19:47:39.993+0000] {logging_mixin.py:188} INFO - [2026-05-13T19:47:39.993+0000] {dagbag.py:545} INFO - Filling up the DagBag from /opt/airflow/dags/retail_etl_dag.py
[2026-05-13T19:47:40.021+0000] {processor.py:840} INFO - DAG(s) 'retail_pipeline' retrieved from /opt/airflow/dags/retail_etl_dag.py
[2026-05-13T19:47:40.060+0000] {logging_mixin.py:188} INFO - [2026-05-13T19:47:40.060+0000] {dag.py:3096} INFO - Sync 1 DAGs
[2026-05-13T19:47:40.092+0000] {logging_mixin.py:188} INFO - [2026-05-13T19:47:40.092+0000] {dag.py:3954} INFO - Setting next_dagrun for retail_pipeline to 2026-05-13 00:00:00+00:00, run_after=2026-05-14 00:00:00+00:00
[2026-05-13T19:47:40.119+0000] {processor.py:183} INFO - Processing /opt/airflow/dags/retail_etl_dag.py took 0.141 seconds
[2026-05-13T19:48:10.508+0000] {processor.py:161} INFO - Started process (PID=242) to work on /opt/airflow/dags/retail_etl_dag.py
[2026-05-13T19:48:10.509+0000] {processor.py:830} INFO - Processing file /opt/airflow/dags/retail_etl_dag.py for tasks to queue
[2026-05-13T19:48:10.512+0000] {logging_mixin.py:188} INFO - [2026-05-13T19:48:10.511+0000] {dagbag.py:545} INFO - Filling up the DagBag from /opt/airflow/dags/retail_etl_dag.py
[2026-05-13T19:48:10.537+0000] {processor.py:840} INFO - DAG(s) 'retail_pipeline' retrieved from /opt/airflow/dags/retail_etl_dag.py
[2026-05-13T19:48:10.577+0000] {logging_mixin.py:188} INFO - [2026-05-13T19:48:10.576+0000] {dag.py:3096} INFO - Sync 1 DAGs
[2026-05-13T19:48:10.607+0000] {logging_mixin.py:188} INFO - [2026-05-13T19:48:10.607+0000] {dag.py:3954} INFO - Setting next_dagrun for retail_pipeline to 2026-05-13 00:00:00+00:00, run_after=2026-05-14 00:00:00+00:00
[2026-05-13T19:48:10.635+0000] {processor.py:183} INFO - Processing /opt/airflow/dags/retail_etl_dag.py took 0.134 seconds
[2026-05-13T19:48:41.109+0000] {processor.py:161} INFO - Started process (PID=243) to work on /opt/airflow/dags/retail_etl_dag.py
[2026-05-13T19:48:41.111+0000] {processor.py:830} INFO - Processing file /opt/airflow/dags/retail_etl_dag.py for tasks to queue
[2026-05-13T19:48:41.121+0000] {logging_mixin.py:188} INFO - [2026-05-13T19:48:41.120+0000] {dagbag.py:545} INFO - Filling up the DagBag from /opt/airflow/dags/retail_etl_dag.py
[2026-05-13T19:48:41.171+0000] {processor.py:840} INFO - DAG(s) 'retail_pipeline' retrieved from /opt/airflow/dags/retail_etl_dag.py
[2026-05-13T19:48:41.221+0000] {logging_mixin.py:188} INFO - [2026-05-13T19:48:41.220+0000] {dag.py:3096} INFO - Sync 1 DAGs
[2026-05-13T19:48:41.254+0000] {logging_mixin.py:188} INFO - [2026-05-13T19:48:41.253+0000] {dag.py:3954} INFO - Setting next_dagrun for retail_pipeline to 2026-05-13 00:00:00+00:00, run_after=2026-05-14 00:00:00+00:00
[2026-05-13T19:48:41.282+0000] {processor.py:183} INFO - Processing /opt/airflow/dags/retail_etl_dag.py took 0.184 seconds
[2026-05-13T19:49:11.596+0000] {processor.py:161} INFO - Started process (PID=244) to work on /opt/airflow/dags/retail_etl_dag.py
[2026-05-13T19:49:11.598+0000] {processor.py:830} INFO - Processing file /opt/airflow/dags/retail_etl_dag.py for tasks to queue
[2026-05-13T19:49:11.601+0000] {logging_mixin.py:188} INFO - [2026-05-13T19:49:11.600+0000] {dagbag.py:545} INFO - Filling up the DagBag from /opt/airflow/dags/retail_etl_dag.py
[2026-05-13T19:49:11.631+0000] {processor.py:840} INFO - DAG(s) 'retail_pipeline' retrieved from /opt/airflow/dags/retail_etl_dag.py
[2026-05-13T19:49:11.672+0000] {logging_mixin.py:188} INFO - [2026-05-13T19:49:11.672+0000] {dag.py:3096} INFO - Sync 1 DAGs
[2026-05-13T19:49:11.702+0000] {logging_mixin.py:188} INFO - [2026-05-13T19:49:11.702+0000] {dag.py:3954} INFO - Setting next_dagrun for retail_pipeline to 2026-05-13 00:00:00+00:00, run_after=2026-05-14 00:00:00+00:00
[2026-05-13T19:49:11.728+0000] {processor.py:183} INFO - Processing /opt/airflow/dags/retail_etl_dag.py took 0.141 seconds
[2026-05-13T19:49:42.090+0000] {processor.py:161} INFO - Started process (PID=245) to work on /opt/airflow/dags/retail_etl_dag.py
[2026-05-13T19:49:42.093+0000] {processor.py:830} INFO - Processing file /opt/airflow/dags/retail_etl_dag.py for tasks to queue
[2026-05-13T19:49:42.099+0000] {logging_mixin.py:188} INFO - [2026-05-13T19:49:42.098+0000] {dagbag.py:545} INFO - Filling up the DagBag from /opt/airflow/dags/retail_etl_dag.py
[2026-05-13T19:49:42.144+0000] {processor.py:840} INFO - DAG(s) 'retail_pipeline' retrieved from /opt/airflow/dags/retail_etl_dag.py
[2026-05-13T19:49:42.203+0000] {logging_mixin.py:188} INFO - [2026-05-13T19:49:42.202+0000] {dag.py:3096} INFO - Sync 1 DAGs
[2026-05-13T19:49:42.246+0000] {logging_mixin.py:188} INFO - [2026-05-13T19:49:42.245+0000] {dag.py:3954} INFO - Setting next_dagrun for retail_pipeline to 2026-05-13 00:00:00+00:00, run_after=2026-05-14 00:00:00+00:00
[2026-05-13T19:49:42.280+0000] {processor.py:183} INFO - Processing /opt/airflow/dags/retail_etl_dag.py took 0.206 seconds
[2026-05-13T19:50:12.744+0000] {processor.py:161} INFO - Started process (PID=246) to work on /opt/airflow/dags/retail_etl_dag.py
[2026-05-13T19:50:12.746+0000] {processor.py:830} INFO - Processing file /opt/airflow/dags/retail_etl_dag.py for tasks to queue
[2026-05-13T19:50:12.748+0000] {logging_mixin.py:188} INFO - [2026-05-13T19:50:12.748+0000] {dagbag.py:545} INFO - Filling up the DagBag from /opt/airflow/dags/retail_etl_dag.py
[2026-05-13T19:50:12.782+0000] {processor.py:840} INFO - DAG(s) 'retail_pipeline' retrieved from /opt/airflow/dags/retail_etl_dag.py
[2026-05-13T19:50:12.824+0000] {logging_mixin.py:188} INFO - [2026-05-13T19:50:12.824+0000] {dag.py:3096} INFO - Sync 1 DAGs
[2026-05-13T19:50:12.858+0000] {logging_mixin.py:188} INFO - [2026-05-13T19:50:12.857+0000] {dag.py:3954} INFO - Setting next_dagrun for retail_pipeline to 2026-05-13 00:00:00+00:00, run_after=2026-05-14 00:00:00+00:00
[2026-05-13T19:50:12.890+0000] {processor.py:183} INFO - Processing /opt/airflow/dags/retail_etl_dag.py took 0.156 seconds
[2026-05-13T19:50:43.307+0000] {processor.py:161} INFO - Started process (PID=247) to work on /opt/airflow/dags/retail_etl_dag.py
[2026-05-13T19:50:43.309+0000] {processor.py:830} INFO - Processing file /opt/airflow/dags/retail_etl_dag.py for tasks to queue
[2026-05-13T19:50:43.312+0000] {logging_mixin.py:188} INFO - [2026-05-13T19:50:43.311+0000] {dagbag.py:545} INFO - Filling up the DagBag from /opt/airflow/dags/retail_etl_dag.py
[2026-05-13T19:50:43.352+0000] {processor.py:840} INFO - DAG(s) 'retail_pipeline' retrieved from /opt/airflow/dags/retail_etl_dag.py
[2026-05-13T19:50:43.403+0000] {logging_mixin.py:188} INFO - [2026-05-13T19:50:43.403+0000] {dag.py:3096} INFO - Sync 1 DAGs
[2026-05-13T19:50:43.442+0000] {logging_mixin.py:188} INFO - [2026-05-13T19:50:43.442+0000] {dag.py:3954} INFO - Setting next_dagrun for retail_pipeline to 2026-05-13 00:00:00+00:00, run_after=2026-05-14 00:00:00+00:00
[2026-05-13T19:50:43.478+0000] {processor.py:183} INFO - Processing /opt/airflow/dags/retail_etl_dag.py took 0.182 seconds
[2026-05-13T19:51:13.915+0000] {processor.py:161} INFO - Started process (PID=248) to work on /opt/airflow/dags/retail_etl_dag.py
[2026-05-13T19:51:13.920+0000] {processor.py:830} INFO - Processing file /opt/airflow/dags/retail_etl_dag.py for tasks to queue
[2026-05-13T19:51:13.929+0000] {logging_mixin.py:188} INFO - [2026-05-13T19:51:13.928+0000] {dagbag.py:545} INFO - Filling up the DagBag from /opt/airflow/dags/retail_etl_dag.py
[2026-05-13T19:51:14.054+0000] {processor.py:840} INFO - DAG(s) 'retail_pipeline' retrieved from /opt/airflow/dags/retail_etl_dag.py
[2026-05-13T19:51:14.201+0000] {logging_mixin.py:188} INFO - [2026-05-13T19:51:14.200+0000] {dag.py:3096} INFO - Sync 1 DAGs
[2026-05-13T19:51:14.389+0000] {logging_mixin.py:188} INFO - [2026-05-13T19:51:14.389+0000] {dag.py:3954} INFO - Setting next_dagrun for retail_pipeline to 2026-05-13 00:00:00+00:00, run_after=2026-05-14 00:00:00+00:00
[2026-05-13T19:51:14.565+0000] {processor.py:183} INFO - Processing /opt/airflow/dags/retail_etl_dag.py took 0.690 seconds
[2026-05-13T19:51:45.149+0000] {processor.py:161} INFO - Started process (PID=249) to work on /opt/airflow/dags/retail_etl_dag.py
[2026-05-13T19:51:45.151+0000] {processor.py:830} INFO - Processing file /opt/airflow/dags/retail_etl_dag.py for tasks to queue
[2026-05-13T19:51:45.155+0000] {logging_mixin.py:188} INFO - [2026-05-13T19:51:45.154+0000] {dagbag.py:545} INFO - Filling up the DagBag from /opt/airflow/dags/retail_etl_dag.py
[2026-05-13T19:51:45.192+0000] {processor.py:840} INFO - DAG(s) 'retail_pipeline' retrieved from /opt/airflow/dags/retail_etl_dag.py
[2026-05-13T19:51:45.256+0000] {logging_mixin.py:188} INFO - [2026-05-13T19:51:45.256+0000] {dag.py:3096} INFO - Sync 1 DAGs
[2026-05-13T19:51:45.300+0000] {logging_mixin.py:188} INFO - [2026-05-13T19:51:45.300+0000] {dag.py:3954} INFO - Setting next_dagrun for retail_pipeline to 2026-05-13 00:00:00+00:00, run_after=2026-05-14 00:00:00+00:00
[2026-05-13T19:51:45.336+0000] {processor.py:183} INFO - Processing /opt/airflow/dags/retail_etl_dag.py took 0.196 seconds
[2026-05-13T19:52:16.151+0000] {processor.py:161} INFO - Started process (PID=250) to work on /opt/airflow/dags/retail_etl_dag.py
[2026-05-13T19:52:16.152+0000] {processor.py:830} INFO - Processing file /opt/airflow/dags/retail_etl_dag.py for tasks to queue
[2026-05-13T19:52:16.155+0000] {logging_mixin.py:188} INFO - [2026-05-13T19:52:16.155+0000] {dagbag.py:545} INFO - Filling up the DagBag from /opt/airflow/dags/retail_etl_dag.py
[2026-05-13T19:52:16.187+0000] {processor.py:840} INFO - DAG(s) 'retail_pipeline' retrieved from /opt/airflow/dags/retail_etl_dag.py
[2026-05-13T19:52:16.234+0000] {logging_mixin.py:188} INFO - [2026-05-13T19:52:16.233+0000] {dag.py:3096} INFO - Sync 1 DAGs
[2026-05-13T19:52:16.269+0000] {logging_mixin.py:188} INFO - [2026-05-13T19:52:16.269+0000] {dag.py:3954} INFO - Setting next_dagrun for retail_pipeline to 2026-05-13 00:00:00+00:00, run_after=2026-05-14 00:00:00+00:00
[2026-05-13T19:52:16.301+0000] {processor.py:183} INFO - Processing /opt/airflow/dags/retail_etl_dag.py took 0.161 seconds
[2026-05-13T19:52:46.955+0000] {processor.py:161} INFO - Started process (PID=251) to work on /opt/airflow/dags/retail_etl_dag.py
[2026-05-13T19:52:46.957+0000] {processor.py:830} INFO - Processing file /opt/airflow/dags/retail_etl_dag.py for tasks to queue
[2026-05-13T19:52:46.960+0000] {logging_mixin.py:188} INFO - [2026-05-13T19:52:46.960+0000] {dagbag.py:545} INFO - Filling up the DagBag from /opt/airflow/dags/retail_etl_dag.py
[2026-05-13T19:52:46.991+0000] {processor.py:840} INFO - DAG(s) 'retail_pipeline' retrieved from /opt/airflow/dags/retail_etl_dag.py
[2026-05-13T19:52:47.029+0000] {logging_mixin.py:188} INFO - [2026-05-13T19:52:47.029+0000] {dag.py:3096} INFO - Sync 1 DAGs
[2026-05-13T19:52:47.059+0000] {logging_mixin.py:188} INFO - [2026-05-13T19:52:47.059+0000] {dag.py:3954} INFO - Setting next_dagrun for retail_pipeline to 2026-05-13 00:00:00+00:00, run_after=2026-05-14 00:00:00+00:00
[2026-05-13T19:52:47.090+0000] {processor.py:183} INFO - Processing /opt/airflow/dags/retail_etl_dag.py took 0.158 seconds
[2026-05-13T19:53:17.678+0000] {processor.py:161} INFO - Started process (PID=252) to work on /opt/airflow/dags/retail_etl_dag.py
[2026-05-13T19:53:17.682+0000] {processor.py:830} INFO - Processing file /opt/airflow/dags/retail_etl_dag.py for tasks to queue
[2026-05-13T19:53:17.688+0000] {logging_mixin.py:188} INFO - [2026-05-13T19:53:17.687+0000] {dagbag.py:545} INFO - Filling up the DagBag from /opt/airflow/dags/retail_etl_dag.py
[2026-05-13T19:53:17.779+0000] {processor.py:840} INFO - DAG(s) 'retail_pipeline' retrieved from /opt/airflow/dags/retail_etl_dag.py
[2026-05-13T19:53:17.865+0000] {logging_mixin.py:188} INFO - [2026-05-13T19:53:17.865+0000] {dag.py:3096} INFO - Sync 1 DAGs
[2026-05-13T19:53:17.938+0000] {logging_mixin.py:188} INFO - [2026-05-13T19:53:17.937+0000] {dag.py:3954} INFO - Setting next_dagrun for retail_pipeline to 2026-05-13 00:00:00+00:00, run_after=2026-05-14 00:00:00+00:00
[2026-05-13T19:53:17.989+0000] {processor.py:183} INFO - Processing /opt/airflow/dags/retail_etl_dag.py took 0.339 seconds
[2026-05-13T19:53:48.283+0000] {processor.py:161} INFO - Started process (PID=253) to work on /opt/airflow/dags/retail_etl_dag.py
[2026-05-13T19:53:48.285+0000] {processor.py:830} INFO - Processing file /opt/airflow/dags/retail_etl_dag.py for tasks to queue
[2026-05-13T19:53:48.287+0000] {logging_mixin.py:188} INFO - [2026-05-13T19:53:48.287+0000] {dagbag.py:545} INFO - Filling up the DagBag from /opt/airflow/dags/retail_etl_dag.py
[2026-05-13T19:53:48.315+0000] {processor.py:840} INFO - DAG(s) 'retail_pipeline' retrieved from /opt/airflow/dags/retail_etl_dag.py
[2026-05-13T19:53:48.359+0000] {logging_mixin.py:188} INFO - [2026-05-13T19:53:48.359+0000] {dag.py:3096} INFO - Sync 1 DAGs
[2026-05-13T19:53:48.393+0000] {logging_mixin.py:188} INFO - [2026-05-13T19:53:48.392+0000] {dag.py:3954} INFO - Setting next_dagrun for retail_pipeline to 2026-05-13 00:00:00+00:00, run_after=2026-05-14 00:00:00+00:00
[2026-05-13T19:53:48.446+0000] {processor.py:183} INFO - Processing /opt/airflow/dags/retail_etl_dag.py took 0.176 seconds
[2026-05-13T19:54:18.835+0000] {processor.py:161} INFO - Started process (PID=254) to work on /opt/airflow/dags/retail_etl_dag.py
[2026-05-13T19:54:18.837+0000] {processor.py:830} INFO - Processing file /opt/airflow/dags/retail_etl_dag.py for tasks to queue
[2026-05-13T19:54:18.840+0000] {logging_mixin.py:188} INFO - [2026-05-13T19:54:18.840+0000] {dagbag.py:545} INFO - Filling up the DagBag from /opt/airflow/dags/retail_etl_dag.py
[2026-05-13T19:54:18.867+0000] {processor.py:840} INFO - DAG(s) 'retail_pipeline' retrieved from /opt/airflow/dags/retail_etl_dag.py
[2026-05-13T19:54:18.908+0000] {logging_mixin.py:188} INFO - [2026-05-13T19:54:18.907+0000] {dag.py:3096} INFO - Sync 1 DAGs
[2026-05-13T19:54:18.938+0000] {logging_mixin.py:188} INFO - [2026-05-13T19:54:18.937+0000] {dag.py:3954} INFO - Setting next_dagrun for retail_pipeline to 2026-05-13 00:00:00+00:00, run_after=2026-05-14 00:00:00+00:00
[2026-05-13T19:54:18.964+0000] {processor.py:183} INFO - Processing /opt/airflow/dags/retail_etl_dag.py took 0.137 seconds
[2026-05-13T19:54:49.574+0000] {processor.py:161} INFO - Started process (PID=255) to work on /opt/airflow/dags/retail_etl_dag.py
[2026-05-13T19:54:49.577+0000] {processor.py:830} INFO - Processing file /opt/airflow/dags/retail_etl_dag.py for tasks to queue
[2026-05-13T19:54:49.582+0000] {logging_mixin.py:188} INFO - [2026-05-13T19:54:49.582+0000] {dagbag.py:545} INFO - Filling up the DagBag from /opt/airflow/dags/retail_etl_dag.py
[2026-05-13T19:54:49.631+0000] {processor.py:840} INFO - DAG(s) 'retail_pipeline' retrieved from /opt/airflow/dags/retail_etl_dag.py
[2026-05-13T19:54:49.689+0000] {logging_mixin.py:188} INFO - [2026-05-13T19:54:49.689+0000] {dag.py:3096} INFO - Sync 1 DAGs
[2026-05-13T19:54:49.740+0000] {logging_mixin.py:188} INFO - [2026-05-13T19:54:49.740+0000] {dag.py:3954} INFO - Setting next_dagrun for retail_pipeline to 2026-05-13 00:00:00+00:00, run_after=2026-05-14 00:00:00+00:00
[2026-05-13T19:54:49.778+0000] {processor.py:183} INFO - Processing /opt/airflow/dags/retail_etl_dag.py took 0.225 seconds
[2026-05-13T19:55:20.112+0000] {processor.py:161} INFO - Started process (PID=256) to work on /opt/airflow/dags/retail_etl_dag.py
[2026-05-13T19:55:20.113+0000] {processor.py:830} INFO - Processing file /opt/airflow/dags/retail_etl_dag.py for tasks to queue
[2026-05-13T19:55:20.116+0000] {logging_mixin.py:188} INFO - [2026-05-13T19:55:20.116+0000] {dagbag.py:545} INFO - Filling up the DagBag from /opt/airflow/dags/retail_etl_dag.py
[2026-05-13T19:55:20.142+0000] {processor.py:840} INFO - DAG(s) 'retail_pipeline' retrieved from /opt/airflow/dags/retail_etl_dag.py
[2026-05-13T19:55:20.182+0000] {logging_mixin.py:188} INFO - [2026-05-13T19:55:20.182+0000] {dag.py:3096} INFO - Sync 1 DAGs
[2026-05-13T19:55:20.214+0000] {logging_mixin.py:188} INFO - [2026-05-13T19:55:20.214+0000] {dag.py:3954} INFO - Setting next_dagrun for retail_pipeline to 2026-05-13 00:00:00+00:00, run_after=2026-05-14 00:00:00+00:00
[2026-05-13T19:55:20.259+0000] {processor.py:183} INFO - Processing /opt/airflow/dags/retail_etl_dag.py took 0.155 seconds
[2026-05-13T19:55:50.684+0000] {processor.py:161} INFO - Started process (PID=257) to work on /opt/airflow/dags/retail_etl_dag.py
[2026-05-13T19:55:50.685+0000] {processor.py:830} INFO - Processing file /opt/airflow/dags/retail_etl_dag.py for tasks to queue
[2026-05-13T19:55:50.690+0000] {logging_mixin.py:188} INFO - [2026-05-13T19:55:50.689+0000] {dagbag.py:545} INFO - Filling up the DagBag from /opt/airflow/dags/retail_etl_dag.py
[2026-05-13T19:55:50.724+0000] {processor.py:840} INFO - DAG(s) 'retail_pipeline' retrieved from /opt/airflow/dags/retail_etl_dag.py
[2026-05-13T19:55:50.771+0000] {logging_mixin.py:188} INFO - [2026-05-13T19:55:50.771+0000] {dag.py:3096} INFO - Sync 1 DAGs
[2026-05-13T19:55:50.810+0000] {logging_mixin.py:188} INFO - [2026-05-13T19:55:50.810+0000] {dag.py:3954} INFO - Setting next_dagrun for retail_pipeline to 2026-05-13 00:00:00+00:00, run_after=2026-05-14 00:00:00+00:00
[2026-05-13T19:55:50.873+0000] {processor.py:183} INFO - Processing /opt/airflow/dags/retail_etl_dag.py took 0.202 seconds
[2026-05-13T19:56:21.504+0000] {processor.py:161} INFO - Started process (PID=258) to work on /opt/airflow/dags/retail_etl_dag.py
[2026-05-13T19:56:21.507+0000] {processor.py:830} INFO - Processing file /opt/airflow/dags/retail_etl_dag.py for tasks to queue
[2026-05-13T19:56:21.513+0000] {logging_mixin.py:188} INFO - [2026-05-13T19:56:21.512+0000] {dagbag.py:545} INFO - Filling up the DagBag from /opt/airflow/dags/retail_etl_dag.py
[2026-05-13T19:56:21.578+0000] {processor.py:840} INFO - DAG(s) 'retail_pipeline' retrieved from /opt/airflow/dags/retail_etl_dag.py
[2026-05-13T19:56:21.710+0000] {logging_mixin.py:188} INFO - [2026-05-13T19:56:21.709+0000] {dag.py:3096} INFO - Sync 1 DAGs
[2026-05-13T19:56:21.826+0000] {logging_mixin.py:188} INFO - [2026-05-13T19:56:21.826+0000] {dag.py:3954} INFO - Setting next_dagrun for retail_pipeline to 2026-05-13 00:00:00+00:00, run_after=2026-05-14 00:00:00+00:00
[2026-05-13T19:56:21.912+0000] {processor.py:183} INFO - Processing /opt/airflow/dags/retail_etl_dag.py took 0.428 seconds
[2026-05-13T19:56:52.013+0000] {processor.py:161} INFO - Started process (PID=259) to work on /opt/airflow/dags/retail_etl_dag.py
[2026-05-13T19:56:52.014+0000] {processor.py:830} INFO - Processing file /opt/airflow/dags/retail_etl_dag.py for tasks to queue
[2026-05-13T19:56:52.018+0000] {logging_mixin.py:188} INFO - [2026-05-13T19:56:52.018+0000] {dagbag.py:545} INFO - Filling up the DagBag from /opt/airflow/dags/retail_etl_dag.py
[2026-05-13T19:56:52.047+0000] {processor.py:840} INFO - DAG(s) 'retail_pipeline' retrieved from /opt/airflow/dags/retail_etl_dag.py
[2026-05-13T19:56:52.098+0000] {logging_mixin.py:188} INFO - [2026-05-13T19:56:52.098+0000] {dag.py:3096} INFO - Sync 1 DAGs
[2026-05-13T19:56:52.131+0000] {logging_mixin.py:188} INFO - [2026-05-13T19:56:52.131+0000] {dag.py:3954} INFO - Setting next_dagrun for retail_pipeline to 2026-05-13 00:00:00+00:00, run_after=2026-05-14 00:00:00+00:00
[2026-05-13T19:56:52.161+0000] {processor.py:183} INFO - Processing /opt/airflow/dags/retail_etl_dag.py took 0.160 seconds
[2026-05-13T19:57:22.910+0000] {processor.py:161} INFO - Started process (PID=260) to work on /opt/airflow/dags/retail_etl_dag.py
[2026-05-13T19:57:22.913+0000] {processor.py:830} INFO - Processing file /opt/airflow/dags/retail_etl_dag.py for tasks to queue
[2026-05-13T19:57:22.917+0000] {logging_mixin.py:188} INFO - [2026-05-13T19:57:22.916+0000] {dagbag.py:545} INFO - Filling up the DagBag from /opt/airflow/dags/retail_etl_dag.py
[2026-05-13T19:57:23.011+0000] {processor.py:840} INFO - DAG(s) 'retail_pipeline' retrieved from /opt/airflow/dags/retail_etl_dag.py
[2026-05-13T19:57:23.121+0000] {logging_mixin.py:188} INFO - [2026-05-13T19:57:23.120+0000] {dag.py:3096} INFO - Sync 1 DAGs
[2026-05-13T19:57:23.208+0000] {logging_mixin.py:188} INFO - [2026-05-13T19:57:23.208+0000] {dag.py:3954} INFO - Setting next_dagrun for retail_pipeline to 2026-05-13 00:00:00+00:00, run_after=2026-05-14 00:00:00+00:00
[2026-05-13T19:57:23.272+0000] {processor.py:183} INFO - Processing /opt/airflow/dags/retail_etl_dag.py took 0.376 seconds
